"","name","rookie_year","WAR_total"
"aaronha01_proj","aaronha01_proj",1954,107.469075057358
"abbated01_proj","abbated01_proj",1897,-16.6311237747576
"abreubo01_proj","abreubo01_proj",1996,60.1944207712298
"abreujo02_proj","abreujo02_proj",2014,26.1292641444627
"adairje01_proj","adairje01_proj",1958,-14.40247877269
"adamsbo03_proj","adamsbo03_proj",1946,-11.8500569240713
"adamssp01_proj","adamssp01_proj",1922,-15.9977457071031
"adcocjo01_proj","adcocjo01_proj",1950,8.46071459732159
"ageeto01_proj","ageeto01_proj",1962,1.87487824437575
"ainsmed01_proj","ainsmed01_proj",1910,-32.0520953469424
"alfoned01_proj","alfoned01_proj",1995,29.7185229386062
"alicelu01_proj","alicelu01_proj",1988,5.329997700046
"allenbe01_proj","allenbe01_proj",1962,-8.64641712717759
"allendi01_proj","allendi01_proj",1963,37.7562772817366
"allenet01_proj","allenet01_proj",1926,-25.8408885511864
"alleyge01_proj","alleyge01_proj",1963,8.44928652293837
"allisbo01_proj","allisbo01_proj",1958,14.6938254771369
"almonbi01_proj","almonbi01_proj",1974,-13.9212590661889
"alomaro01_proj","alomaro01_proj",1988,62.4288814692528
"alomasa01_proj","alomasa01_proj",1964,-12.6456285787011
"alomasa02_proj","alomasa02_proj",1989,7.54846783615308
"alonsyo01_proj","alonsyo01_proj",2010,13.1665899905788
"aloufe01_proj","aloufe01_proj",1958,21.039959079074
"alouje01_proj","alouje01_proj",1963,-17.940897399482
"alouma01_proj","alouma01_proj",1960,-0.0151564507373255
"aloumo01_proj","aloumo01_proj",1990,37.4468150015198
"altmage01_proj","altmage01_proj",1959,-1.51780564404748
"altuvjo01_proj","altuvjo01_proj",2011,46.9862278976588
"alvisma01_proj","alvisma01_proj",1962,-3.88708331950044
"anderbr01_proj","anderbr01_proj",1988,29.9775610425326
"anderga01_proj","anderga01_proj",1994,21.9987793796573
"anderjo01_proj","anderjo01_proj",1894,-13.4253223692476
"anderma02_proj","anderma02_proj",1998,8.33126504524532
"andremi01_proj","andremi01_proj",1966,-1.50092863029666
"andruel01_proj","andruel01_proj",2009,39.2698396988903
"ansonca01_proj","ansonca01_proj",1880,45.1992919204597
"aparilu01_proj","aparilu01_proj",1956,27.5245227167609
"applilu01_proj","applilu01_proj",1930,29.0022773673656
"arenano01_proj","arenano01_proj",2013,44.3242245276949
"armasto01_proj","armasto01_proj",1976,3.70191993650879
"ashburi01_proj","ashburi01_proj",1948,38.4868251143091
"ashbyal01_proj","ashbyal01_proj",1973,-6.70976054879485
"asprobo01_proj","asprobo01_proj",1960,-19.2197399733459
"aurilri01_proj","aurilri01_proj",1995,16.2557218583959
"ausmubr01_proj","ausmubr01_proj",1993,14.7178002601858
"austiji01_proj","austiji01_proj",1909,-16.8526680887007
"averiea01_proj","averiea01_proj",1930,16.5004316786841
"avilabo01_proj","avilabo01_proj",1949,10.0914401116051
"avilemi01_proj","avilemi01_proj",2008,11.4504288411673
"aybarer01_proj","aybarer01_proj",2006,28.9705756041479
"backmwa01_proj","backmwa01_proj",1980,-0.154024808079186
"baergca01_proj","baergca01_proj",1990,14.9263436718411
"bagweje01_proj","bagweje01_proj",1991,76.5979903996788
"bailebo01_proj","bailebo01_proj",1962,2.12010863391823
"baileed01_proj","baileed01_proj",1953,7.00670532468028
"baineha01_proj","baineha01_proj",1980,17.4202481981972
"bakerdu01_proj","bakerdu01_proj",1968,7.6460244693238
"bakerfr01_proj","bakerfr01_proj",1908,32.4197147125613
"balbost01_proj","balbost01_proj",1981,-12.2085859599706
"bancrda01_proj","bancrda01_proj",1915,7.2321050733603
"bandosa01_proj","bandosa01_proj",1966,41.7132007184594
"bankser01_proj","bankser01_proj",1953,40.0041899167887
"bannial01_proj","bannial01_proj",1974,-12.1428254746721
"barajro01_proj","barajro01_proj",1999,6.28909378301248
"barfije01_proj","barfije01_proj",1981,34.3041285997117
"barmecl01_proj","barmecl01_proj",2003,18.4644546427207
"barreji01_proj","barreji01_proj",1899,-6.91037510691781
"barrema02_proj","barrema02_proj",1982,-3.03280646119102
"barremi01_proj","barremi01_proj",1998,4.71664093900499
"barryja01_proj","barryja01_proj",1908,1.69727274989287
"barrysh01_proj","barrysh01_proj",1899,-26.2039530486274
"bartedi01_proj","bartedi01_proj",1927,-5.97756770916608
"bartlja01_proj","bartlja01_proj",2004,21.327172544193
"bassech01_proj","bassech01_proj",1884,-8.90455173303321
"basske01_proj","basske01_proj",1982,3.14209904119779
"batemjo01_proj","batemjo01_proj",1963,-13.7676346223824
"batesjo02_proj","batesjo02_proj",1906,-4.31273205304678
"batisto01_proj","batisto01_proj",1996,13.7442895111154
"batteea01_proj","batteea01_proj",1955,-1.5974078548492
"bauerha01_proj","bauerha01_proj",1948,4.98631848110819
"baumhfr01_proj","baumhfr01_proj",1947,-8.57331393660766
"bautijo02_proj","bautijo02_proj",2004,41.0159625047123
"bayja01_proj","bayja01_proj",2003,29.0552377674897
"baylodo01_proj","baylodo01_proj",1970,7.75092314817504
"beaumgi01_proj","beaumgi01_proj",1899,-4.88781851391774
"beckegl01_proj","beckegl01_proj",1965,1.74273582862064
"beckhgo01_proj","beckhgo01_proj",2009,10.7951354765083
"becklja01_proj","becklja01_proj",1888,8.11220103034553
"belanma01_proj","belanma01_proj",1965,16.4804889228213
"bellbu01_proj","bellbu01_proj",1972,46.4787606160192
"bellda01_proj","bellda01_proj",1995,15.3180649355825
"bellde01_proj","bellde01_proj",1991,7.41283166190418
"belleal01_proj","belleal01_proj",1989,36.2627444293647
"bellge02_proj","bellge02_proj",1981,16.0531132212633
"bellgu01_proj","bellgu01_proj",1950,-4.12777268225784
"belliro01_proj","belliro01_proj",1998,23.7253853139789
"bellja01_proj","bellja01_proj",1986,24.5908620765039
"bellle01_proj","bellle01_proj",1923,-12.9750439716017
"beltbr01_proj","beltbr01_proj",2011,30.0903351357208
"beltrad01_proj","beltrad01_proj",1998,96.918822075476
"beltrca01_proj","beltrca01_proj",1998,71.9110751565033
"benchjo01_proj","benchjo01_proj",1967,53.7161153125562
"beniqju01_proj","beniqju01_proj",1971,-16.5867907868135
"bennech01_proj","bennech01_proj",1880,15.0209379276608
"berarjo01_proj","berarjo01_proj",1939,-26.7682261643156
"bergebi01_proj","bergebi01_proj",1901,-28.3261893296045
"bergewa01_proj","bergewa01_proj",1930,14.8160949562785
"berkmla01_proj","berkmla01_proj",1999,54.4781335682383
"bernato01_proj","bernato01_proj",1979,3.26643238511716
"berrayo01_proj","berrayo01_proj",1946,29.236696225347
"berryke01_proj","berryke01_proj",1962,-6.9987271688425
"beschbo01_proj","beschbo01_proj",1908,-4.90330284439966
"betanyu01_proj","betanyu01_proj",2005,3.78603319427767
"bettsmo01_proj","bettsmo01_proj",2014,43.383287780436
"bicheda01_proj","bicheda01_proj",1988,-2.34756874083676
"bigbeca01_proj","bigbeca01_proj",1916,-15.2597747128853
"biggicr01_proj","biggicr01_proj",1988,56.9718058340836
"biittla01_proj","biittla01_proj",1971,-22.4340235003607
"bishoma01_proj","bishoma01_proj",1924,9.76678917740847
"blackch02_proj","blackch02_proj",2011,23.903902432348
"blairpa01_proj","blairpa01_proj",1965,17.6594564104633
"blakeca01_proj","blakeca01_proj",1999,25.9499169091456
"blaloha01_proj","blaloha01_proj",2002,16.9552774466
"blasido01_proj","blasido01_proj",1955,3.32894296186034
"blausje01_proj","blausje01_proj",1987,14.646310979944
"bloodji01_proj","bloodji01_proj",1937,-18.484880088667
"bluegos01_proj","bluegos01_proj",1922,-15.5682594357829
"bluelu01_proj","bluelu01_proj",1921,4.96768198043704
"blumge01_proj","blumge01_proj",1999,5.03992050392394
"bochtbr01_proj","bochtbr01_proj",1974,9.12458212044111
"bodiepi01_proj","bodiepi01_proj",1911,-7.18374384286432
"bogaexa01_proj","bogaexa01_proj",2013,25.8753672648854
"boggswa01_proj","boggswa01_proj",1982,86.8807031069316
"bollifr01_proj","bollifr01_proj",1954,3.60046457833244
"bondsba01_proj","bondsba01_proj",1986,152.901218397136
"bondsbo01_proj","bondsbo01_proj",1968,39.7283071081443
"bonilbo01_proj","bonilbo01_proj",1986,20.8278238238719
"bonneba01_proj","bonneba01_proj",1977,-13.9477950649766
"bonurze01_proj","bonurze01_proj",1934,7.92804513663861
"booneaa01_proj","booneaa01_proj",1997,14.4250129212966
"boonebo01_proj","boonebo01_proj",1972,4.7524485095112
"boonebr01_proj","boonebr01_proj",1992,19.0293173899357
"boonera01_proj","boonera01_proj",1948,4.03561139035856
"bordepa01_proj","bordepa01_proj",1988,-10.783437309596
"bordimi01_proj","bordimi01_proj",1990,22.1528318564846
"bottoji01_proj","bottoji01_proj",1922,-5.02952107737195
"boudrlo01_proj","boudrlo01_proj",1939,36.715306010047
"bournmi01_proj","bournmi01_proj",2006,26.8851838639407
"bowala01_proj","bowala01_proj",1970,2.8816338597543
"bowerfr01_proj","bowerfr01_proj",1896,-34.9934157241654
"boyercl02_proj","boyercl02_proj",1955,3.45008908012515
"boyerke01_proj","boyerke01_proj",1955,40.9931974497467
"bradlbi01_proj","bradlbi01_proj",1899,8.16327806846336
"bradlmi01_proj","bradlmi01_proj",2000,18.1677027365926
"bradlph01_proj","bradlph01_proj",1983,14.1047877699317
"brandja01_proj","brandja01_proj",1956,-0.426365474845481
"branski01_proj","branski01_proj",1898,-20.0092415315834
"brantmi02_proj","brantmi02_proj",2009,35.2909954181902
"braunry02_proj","braunry02_proj",2007,53.5124173464628
"braunst01_proj","braunst01_proj",1971,2.71716791623026
"breamsi01_proj","breamsi01_proj",1983,0.316498062095209
"bresnro01_proj","bresnro01_proj",1897,-8.32369403759342
"bressed01_proj","bressed01_proj",1956,-1.81710302992042
"bressru01_proj","bressru01_proj",1914,-33.0266905483267
"brettge01_proj","brettge01_proj",1973,72.6332826073376
"bridwal01_proj","bridwal01_proj",1905,-5.4315750234943
"briggjo02_proj","briggjo02_proj",1964,9.76612427039074
"brinked01_proj","brinked01_proj",1961,-12.464133863445
"brockgr01_proj","brockgr01_proj",1982,2.32860676585629
"brocklo01_proj","brocklo01_proj",1961,18.9508977892744
"brodist01_proj","brodist01_proj",1890,-14.8906330377474
"brookhu01_proj","brookhu01_proj",1980,0.888162615902365
"brookto01_proj","brookto01_proj",1979,3.45774293002332
"brosisc01_proj","brosisc01_proj",1991,12.7084696950431
"broutda01_proj","broutda01_proj",1880,46.9633073602523
"brownge01_proj","brownge01_proj",1901,-25.5799414522415
"brownje01_proj","brownje01_proj",1986,4.56161902240879
"brownji03_proj","brownji03_proj",1937,-6.65107381328356
"brownla01_proj","brownla01_proj",1963,-12.2278980612808
"brownol02_proj","brownol02_proj",1965,-10.8771467567671
"brownto01_proj","brownto01_proj",1887,-22.7252584252715
"bruceja01_proj","bruceja01_proj",2008,26.3040696827638
"brunato01_proj","brunato01_proj",1981,8.84336428642024
"brutobi01_proj","brutobi01_proj",1953,11.0479280038745
"buckjo01_proj","buckjo01_proj",2004,7.97528800450207
"bucknbi01_proj","bucknbi01_proj",1970,-13.9424183900951
"buechst01_proj","buechst01_proj",1985,8.4264372289516
"bufordo01_proj","bufordo01_proj",1963,22.4675536134275
"buhneja01_proj","buhneja01_proj",1987,18.6722874813772
"bumbral01_proj","bumbral01_proj",1972,8.69107146985555
"burgesm01_proj","burgesm01_proj",1949,5.49097519811374
"burkeed01_proj","burkeed01_proj",1890,-11.4106300122516
"burkeje01_proj","burkeje01_proj",1890,18.2131536959282
"burksel01_proj","burksel01_proj",1987,39.1579333825784
"burleri01_proj","burleri01_proj",1974,9.27709612225515
"burnije01_proj","burnije01_proj",1993,15.3843706458498
"burnsge01_proj","burnsge01_proj",1911,3.43314085349077
"burnsge02_proj","burnsge02_proj",1914,-5.82491742951287
"burnsja02_proj","burnsja02_proj",1930,-15.9692276651937
"burnsto01_proj","burnsto01_proj",1880,-2.73244397422108
"burrepa01_proj","burrepa01_proj",2000,22.2783521215997
"burroje01_proj","burroje01_proj",1970,-0.769720879054959
"busbyji01_proj","busbyji01_proj",1950,-8.56743790020537
"bushdo01_proj","bushdo01_proj",1908,-2.12065451794164
"bushra01_proj","bushra01_proj",1982,-11.8924101845435
"butlebi03_proj","butlebi03_proj",2007,15.0186996313265
"butlebr01_proj","butlebr01_proj",1981,34.2099657614772
"byrdma01_proj","byrdma01_proj",2002,29.9700669697639
"byrnebo01_proj","byrnebo01_proj",1907,-13.6047067349286
"byrneer01_proj","byrneer01_proj",2000,11.6167094940277
"cabelen01_proj","cabelen01_proj",1972,-12.4769041018439
"cabreas01_proj","cabreas01_proj",2007,35.1756027433131
"cabreme01_proj","cabreme01_proj",2005,26.1490247236366
"cabremi01_proj","cabremi01_proj",2003,73.0083232543787
"cabreor01_proj","cabreor01_proj",1997,22.093322391132
"cainlo01_proj","cainlo01_proj",2010,43.6298379845312
"cairomi01_proj","cairomi01_proj",1996,7.59125208093567
"caldeiv01_proj","caldeiv01_proj",1984,4.18188079995204
"calhoko01_proj","calhoko01_proj",2012,22.1140558455127
"callaal01_proj","callaal01_proj",2006,14.7350557641698
"callani01_proj","callani01_proj",1894,-28.5796222105602
"callijo01_proj","callijo01_proj",1958,18.0988340967434
"camermi01_proj","camermi01_proj",1995,46.1781346956788
"camildo01_proj","camildo01_proj",1933,16.0404682127066
"caminke01_proj","caminke01_proj",1987,21.1719613930449
"campabe01_proj","campabe01_proj",1964,21.7045550609151
"camparo01_proj","camparo01_proj",1948,20.9775866673781
"campbbr01_proj","campbbr01_proj",1930,-15.2250655787984
"canoro01_proj","canoro01_proj",2005,77.5065317717626
"cansejo01_proj","cansejo01_proj",1985,33.8375539864444
"cantujo01_proj","cantujo01_proj",2004,3.77784459437648
"cardejo02_proj","cardejo02_proj",1963,-7.86131070678476
"cardele01_proj","cardele01_proj",1960,3.33368170580028
"carewro01_proj","carewro01_proj",1967,60.663595257512
"careyma01_proj","careyma01_proj",1910,6.69542425681029
"carpema01_proj","carpema01_proj",2011,32.6630939054456
"carrach01_proj","carrach01_proj",1950,4.0093384752161
"carrocl01_proj","carrocl01_proj",1882,-13.7870433727977
"carroja01_proj","carroja01_proj",2002,19.9709601991932
"cartega01_proj","cartega01_proj",1974,54.544915470762
"cartejo01_proj","cartejo01_proj",1983,2.28811036747619
"cartyri01_proj","cartyri01_proj",1964,14.8896490492639
"casege01_proj","casege01_proj",1937,-3.6574311168041
"caseydo01_proj","caseydo01_proj",1898,-23.3465654465178
"caseyse01_proj","caseyse01_proj",1997,16.8810008594492
"cashda01_proj","cashda01_proj",1969,11.5854342447124
"cashno01_proj","cashno01_proj",1958,24.0922720734097
"casteni01_proj","casteni01_proj",2013,12.5642450165667
"castilu01_proj","castilu01_proj",1996,29.1114440726655
"castivi02_proj","castivi02_proj",1991,9.99528285735127
"castrst01_proj","castrst01_proj",2010,24.0315012587984
"catalfr01_proj","catalfr01_proj",1997,14.3336883428045
"caterda01_proj","caterda01_proj",1964,-1.23830013674162
"causewa01_proj","causewa01_proj",1955,-8.8441247769838
"cavarph01_proj","cavarph01_proj",1934,-4.98739112364428
"cedence01_proj","cedence01_proj",1970,35.7098291475261
"cedenro01_proj","cedenro01_proj",1995,1.13809087001933
"cepedor01_proj","cepedor01_proj",1958,24.8310661671615
"ceronri01_proj","ceronri01_proj",1975,-17.728872557908
"cespeyo01_proj","cespeyo01_proj",2012,27.1616638208988
"ceyro01_proj","ceyro01_proj",1972,37.7540207587037
"chambch01_proj","chambch01_proj",1971,10.764931526085
"chancfr01_proj","chancfr01_proj",1898,-0.668821901770715
"chapmbe01_proj","chapmbe01_proj",1930,10.143599584701
"chapmra01_proj","chapmra01_proj",1912,6.34397498338944
"chapmsa01_proj","chapmsa01_proj",1938,-1.27558989125754
"charled01_proj","charled01_proj",1962,8.6862917877435
"chaseha01_proj","chaseha01_proj",1905,-20.4874347784778
"chaveen01_proj","chaveen01_proj",2001,8.14491840849299
"chaveer01_proj","chaveer01_proj",1998,39.9642870694002
"childcu01_proj","childcu01_proj",1888,9.35437512918826
"choosh01_proj","choosh01_proj",2005,40.8827597679068
"chrisma01_proj","chrisma01_proj",1938,-16.978885404418
"cimolgi01_proj","cimolgi01_proj",1956,-15.9383197542599
"cirilje01_proj","cirilje01_proj",1994,33.3498818490004
"cissebi01_proj","cissebi01_proj",1928,-18.2679072086275
"clarkbo02_proj","clarkbo02_proj",1893,-26.7825711959573
"clarkfr01_proj","clarkfr01_proj",1894,11.7299858714982
"clarkho01_proj","clarkho01_proj",1965,2.22180979354291
"clarkja01_proj","clarkja01_proj",1975,38.2116199265863
"clarkto02_proj","clarkto02_proj",1995,7.98754932492594
"clarkwi02_proj","clarkwi02_proj",1986,50.4132798093925
"claytro01_proj","claytro01_proj",1991,12.6072092623389
"clemeja01_proj","clemeja01_proj",1885,-16.3334650721936
"clemero01_proj","clemero01_proj",1955,68.2200117435786
"clenddo01_proj","clenddo01_proj",1961,2.80343517548067
"cliftha01_proj","cliftha01_proj",1934,15.0534355449825
"cobbty01_proj","cobbty01_proj",1905,94.680293421564
"cochrmi01_proj","cochrmi01_proj",1925,17.674401815427
"colavro01_proj","colavro01_proj",1955,25.0225963805886
"colbena01_proj","colbena01_proj",1968,2.61351809874798
"colemvi01_proj","colemvi01_proj",1985,2.6548376371636
"collida02_proj","collida02_proj",1975,-6.75614463761814
"collied01_proj","collied01_proj",1906,64.1957750123802
"colliji01_proj","colliji01_proj",1895,17.9737771377289
"colliri02_proj","colliri02_proj",1931,5.26347405133538
"collish01_proj","collish01_proj",1910,-28.6830665824093
"combsea01_proj","combsea01_proj",1924,11.8082343306894
"conceda01_proj","conceda01_proj",1970,22.5721783691579
"conigto01_proj","conigto01_proj",1964,2.16196506833161
"coninje01_proj","coninje01_proj",1990,16.5407093491659
"connoro01_proj","connoro01_proj",1880,56.6287688303102
"conrowi01_proj","conrowi01_proj",1901,-8.75435959090597
"cooledu01_proj","cooledu01_proj",1893,-23.3202316587941
"coomero01_proj","coomero01_proj",1995,0.807955605938277
"coonejo01_proj","coonejo01_proj",1921,-42.5226253277803
"coopece01_proj","coopece01_proj",1971,18.4204681567587
"coopewa01_proj","coopewa01_proj",1940,-7.22801452078923
"coraal01_proj","coraal01_proj",1998,7.32008510921847
"corajo01_proj","corajo01_proj",1987,1.14428501028297
"corcoto01_proj","corcoto01_proj",1892,-24.4651927826023
"cordewi01_proj","cordewi01_proj",1992,-2.07473640607848
"cordoma01_proj","cordoma01_proj",1995,5.35874219437427
"coughbi01_proj","coughbi01_proj",1899,-19.4428448028406
"counscr01_proj","counscr01_proj",1997,22.8882141768042
"cowenal01_proj","cowenal01_proj",1974,1.6261797273655
"coxbi02_proj","coxbi02_proj",1941,-8.71220371795709
"cozarza01_proj","cozarza01_proj",2011,20.7321805603852
"cramedo01_proj","cramedo01_proj",1929,-37.1373951852031
"crandde01_proj","crandde01_proj",1949,3.90617504784921
"cravaga01_proj","cravaga01_proj",1908,6.6866172289124
"crawfbr01_proj","crawfbr01_proj",2011,29.0225562901907
"crawfca02_proj","crawfca02_proj",2002,45.2075101528321
"crawfsa01_proj","crawfsa01_proj",1899,27.4300047647391
"crawfwi01_proj","crawfwi01_proj",1964,1.76997541575756
"credejo01_proj","credejo01_proj",2000,16.0062108611136
"crigelo01_proj","crigelo01_proj",1896,-32.9848461321739
"crispco01_proj","crispco01_proj",2002,32.4346827091315
"critzhu01_proj","critzhu01_proj",1924,-11.7887444434525
"cromawa01_proj","cromawa01_proj",1974,4.15687935642448
"cronijo01_proj","cronijo01_proj",1926,18.1958828622736
"crosefr01_proj","crosefr01_proj",1932,-12.6643223107913
"crossla01_proj","crossla01_proj",1892,-2.24244471746425
"crossmo01_proj","crossmo01_proj",1892,-28.8028550250797
"cruzde01_proj","cruzde01_proj",1997,8.56393399444873
"cruzjo01_proj","cruzjo01_proj",1970,35.4938411119032
"cruzjo02_proj","cruzjo02_proj",1997,20.4633590059768
"cruzju01_proj","cruzju01_proj",1977,5.50340581914745
"cruzne02_proj","cruzne02_proj",2005,36.8627952361603
"cuccito01_proj","cuccito01_proj",1930,0.446985690026837
"cuddymi01_proj","cuddymi01_proj",2001,19.4265657993473
"cullero01_proj","cullero01_proj",1938,12.3831097994039
"cunnijo01_proj","cunnijo01_proj",1954,3.82641450421569
"curtich01_proj","curtich01_proj",1992,12.6243808395107
"cutshge01_proj","cutshge01_proj",1912,-12.4742351330546
"cuyleki01_proj","cuyleki01_proj",1921,5.86056753233645
"dahlebi01_proj","dahlebi01_proj",1891,22.9914443449622
"dahlgba01_proj","dahlgba01_proj",1935,-19.8912441932248
"dalryab01_proj","dalryab01_proj",1880,-1.18869519768445
"dalrycl01_proj","dalrycl01_proj",1960,1.42461408170093
"dalyto01_proj","dalyto01_proj",1887,-19.5783908557267
"damonjo01_proj","damonjo01_proj",1995,55.8317111716477
"darkal01_proj","darkal01_proj",1946,20.0802006421863
"daubeja01_proj","daubeja01_proj",1910,-1.53330009556776
"dauerri01_proj","dauerri01_proj",1976,5.07730989378166
"daultda01_proj","daultda01_proj",1983,8.98040881778179
"davalvi01_proj","davalvi01_proj",1963,-6.02386767797416
"davenji01_proj","davenji01_proj",1958,-0.0741102643108852
"davisal01_proj","davisal01_proj",1984,11.7898289939921
"davisch01_proj","davisch01_proj",1981,20.8839777628563
"davisch02_proj","davisch02_proj",2008,22.1599754946664
"daviser01_proj","daviser01_proj",1984,23.3974524762977
"davisge01_proj","davisge01_proj",1890,35.2843041033206
"davisgl01_proj","davisgl01_proj",1984,14.3097372213568
"davisha01_proj","davisha01_proj",1895,-16.873592203911
"davisjo02_proj","davisjo02_proj",1981,6.93526706815168
"daviskh01_proj","daviskh01_proj",2013,16.6942730555261
"davisra01_proj","davisra01_proj",2006,16.6762356942944
"davissp01_proj","davissp01_proj",1928,-12.6209610909531
"davisto02_proj","davisto02_proj",1960,-2.15652349004277
"daviswi02_proj","daviswi02_proj",1960,34.4960921050163
"dawsoan01_proj","dawsoan01_proj",1976,45.454746362208
"decindo01_proj","decindo01_proj",1973,33.3678995905191
"deerro01_proj","deerro01_proj",1984,5.61793638040318
"dejesda01_proj","dejesda01_proj",2003,26.6260008526591
"dejesiv01_proj","dejesiv01_proj",1974,-8.27989394402327
"delahed01_proj","delahed01_proj",1888,36.5498109601865
"delahji01_proj","delahji01_proj",1901,-10.6842116360958
"delgaca01_proj","delgaca01_proj",1994,38.3868968136843
"demaejo01_proj","demaejo01_proj",1951,-25.8581037214621
"demarfr02_proj","demarfr02_proj",1932,-9.92686805560935
"demetdo01_proj","demetdo01_proj",1956,-1.97301683639909
"demonge01_proj","demonge01_proj",1894,-12.5054922354044
"dempsri01_proj","dempsri01_proj",1969,-8.96294121593972
"dennyje01_proj","dennyje01_proj",1881,-5.26013809317811
"dentbu01_proj","dentbu01_proj",1973,4.4910849891305
"derosma01_proj","derosma01_proj",1998,11.4183460174838
"deshide01_proj","deshide01_proj",1990,21.1968272669796
"desmoia01_proj","desmoia01_proj",2009,22.4978651433789
"devermi01_proj","devermi01_proj",1987,1.96177566493743
"devliar01_proj","devliar01_proj",1904,10.1218370243645
"diazbo01_proj","diazbo01_proj",1978,-2.42008796726385
"dickebi01_proj","dickebi01_proj",1928,18.2665227981065
"dimagdo01_proj","dimagdo01_proj",1940,11.639586661392
"dimagjo01_proj","dimagjo01_proj",1936,57.4911306908654
"dimagvi01_proj","dimagvi01_proj",1937,-4.33552431637366
"disarga01_proj","disarga01_proj",1990,5.24248407716494
"dobyla01_proj","dobyla01_proj",1947,29.0754849009999
"doerrbo01_proj","doerrbo01_proj",1937,23.6642578818925
"dolanco01_proj","dolanco01_proj",1895,-23.6595469127619
"donaljo02_proj","donaljo02_proj",2010,49.8059104218148
"donlimi01_proj","donlimi01_proj",1899,-0.208703794967012
"donovpa01_proj","donovpa01_proj",1890,-24.1536391967707
"dooinre01_proj","dooinre01_proj",1902,-33.4905079200275
"doolami01_proj","doolami01_proj",1905,-15.5633329064697
"doranbi02_proj","doranbi02_proj",1982,24.9767781567633
"doughpa01_proj","doughpa01_proj",1902,-11.8416087153848
"doumiry01_proj","doumiry01_proj",2005,11.6615663826094
"douthta01_proj","douthta01_proj",1923,-15.990457567507
"dowdto01_proj","dowdto01_proj",1892,-21.55720062012
"downibr01_proj","downibr01_proj",1973,21.4697504334269
"doylede01_proj","doylede01_proj",1970,-10.2702142674989
"doyleja01_proj","doyleja01_proj",1891,-16.9189578309978
"doylela01_proj","doylela01_proj",1907,9.99996210393963
"doziebr01_proj","doziebr01_proj",2012,30.3986538592382
"drewst01_proj","drewst01_proj",2006,20.9457139622994
"driesda01_proj","driesda01_proj",1973,4.51601815801716
"dropowa01_proj","dropowa01_proj",1949,-19.7709401381419
"dudalu01_proj","dudalu01_proj",2010,12.2396057948364
"duffyhu01_proj","duffyhu01_proj",1888,-2.69850513307521
"duganjo01_proj","duganjo01_proj",1917,-24.356248584421
"duncama01_proj","duncama01_proj",1985,-10.4677144491757
"dunlafr01_proj","dunlafr01_proj",1880,15.8429418106292
"dunnad01_proj","dunnad01_proj",2001,22.0896094061819
"dunstsh01_proj","dunstsh01_proj",1985,-1.75669311148525
"durhale01_proj","durhale01_proj",1980,7.06476372814393
"durhara01_proj","durhara01_proj",1995,32.8794409399576
"durocle01_proj","durocle01_proj",1928,-30.3915622509438
"dyeje01_proj","dyeje01_proj",1996,20.8624672660995
"dykesji01_proj","dykesji01_proj",1918,-19.8584149818232
"dykstle01_proj","dykstle01_proj",1985,37.3171359336422
"easleda01_proj","easleda01_proj",1992,10.0356158673618
"easlemi01_proj","easlemi01_proj",1973,4.26869941159868
"eatonad02_proj","eatonad02_proj",2012,24.5490365253436
"eckstda01_proj","eckstda01_proj",2001,21.5858400745409
"edmonji01_proj","edmonji01_proj",1993,58.307878547973
"edwarjo01_proj","edwarjo01_proj",1961,-4.34319591589314
"egandi01_proj","egandi01_proj",1908,-18.659897755825
"eisenji01_proj","eisenji01_proj",1982,-2.19139407000915
"elberki01_proj","elberki01_proj",1898,-5.85573648457718
"elliobo01_proj","elliobo01_proj",1939,19.7816749718728
"ellisma01_proj","ellisma01_proj",2002,38.5941537770952
"ellsbja01_proj","ellsbja01_proj",2007,36.045696746981
"elybo01_proj","elybo01_proj",1884,-20.3500056872217
"encared01_proj","encared01_proj",2005,39.0741116990513
"encarju01_proj","encarju01_proj",1997,9.16959474614432
"engliwo01_proj","engliwo01_proj",1927,-2.16083215492032
"ennisde01_proj","ennisde01_proj",1946,7.10538900866873
"erstada01_proj","erstada01_proj",1996,32.4078717312511
"escobal02_proj","escobal02_proj",2008,15.1664901561512
"escobed01_proj","escobed01_proj",2011,16.2152255509153
"escobyu01_proj","escobyu01_proj",2007,33.2737748693116
"ethiean01_proj","ethiean01_proj",2006,25.7338064603359
"ettenni01_proj","ettenni01_proj",1938,-4.3977133333662
"evansda01_proj","evansda01_proj",1969,37.3829710039102
"evansdw01_proj","evansdw01_proj",1972,50.0808961228557
"evereca01_proj","evereca01_proj",1993,18.6846313835552
"eversho01_proj","eversho01_proj",1941,-9.89414554842495
"eversjo01_proj","eversjo01_proj",1902,-3.58329888263526
"ewingbu01_proj","ewingbu01_proj",1880,8.37370969846211
"fainfe01_proj","fainfe01_proj",1947,11.2218244188193
"fairlro01_proj","fairlro01_proj",1958,0.53163464330544
"falkbi01_proj","falkbi01_proj",1920,-6.55320795075831
"farrasi01_proj","farrasi01_proj",1883,-3.89677586399946
"farredu01_proj","farredu01_proj",1888,-22.9448176024208
"felizpe01_proj","felizpe01_proj",2000,9.35292894761242
"fergujo01_proj","fergujo01_proj",1970,6.03229642879279
"fernato01_proj","fernato01_proj",1983,38.5624730428962
"ferreri01_proj","ferreri01_proj",1929,-6.17698408346001
"ferriho01_proj","ferriho01_proj",1901,-11.3429671938009
"fieldce01_proj","fieldce01_proj",1985,6.4496638683468
"fieldpr01_proj","fieldpr01_proj",2005,28.2529996664102
"figgich01_proj","figgich01_proj",2002,25.6895664134008
"finlest01_proj","finlest01_proj",1989,36.9375710380343
"finnelo01_proj","finnelo01_proj",1931,-31.0288415309648
"fiskca01_proj","fiskca01_proj",1969,44.7391555028878
"flackma01_proj","flackma01_proj",1916,-18.1138712341579
"flagsir01_proj","flagsir01_proj",1917,-13.6530590660683
"flahejo01_proj","flahejo01_proj",1992,-6.59012553928788
"fletcar01_proj","fletcar01_proj",1909,15.1357653121276
"fletcda01_proj","fletcda01_proj",1989,-2.28625628428492
"fletcel01_proj","fletcel01_proj",1934,6.48510605608964
"fletcsc01_proj","fletcsc01_proj",1981,19.8324264120003
"flickel01_proj","flickel01_proj",1898,23.0202215575496
"floodcu01_proj","floodcu01_proj",1957,20.5544920800633
"floydcl01_proj","floydcl01_proj",1993,22.0163346133461
"flynndo01_proj","flynndo01_proj",1976,-21.1522952103743
"foliti01_proj","foliti01_proj",1970,-20.6694723574241
"fondyde01_proj","fondyde01_proj",1951,-8.03727136444311
"fonsele01_proj","fonsele01_proj",1921,-15.882811900979
"fordda01_proj","fordda01_proj",1975,3.01080825481239
"fordho01_proj","fordho01_proj",1919,-28.1982837839018
"forsylo01_proj","forsylo01_proj",2011,16.9996968850739
"fosteed02_proj","fosteed02_proj",1910,-6.58157911960702
"fostege01_proj","fostege01_proj",1969,22.1040229509185
"fothebo01_proj","fothebo01_proj",1922,-18.3941150303685
"fournja01_proj","fournja01_proj",1912,5.23002039074743
"fowlede01_proj","fowlede01_proj",2008,25.7164601767683
"foxne01_proj","foxne01_proj",1947,13.5154896892619
"foxpe01_proj","foxpe01_proj",1933,-13.2879022092419
"foxxji01_proj","foxxji01_proj",1925,49.577688737382
"francje02_proj","francje02_proj",2005,14.3615153567512
"francju01_proj","francju01_proj",1982,30.3352924455804
"francti01_proj","francti01_proj",1956,-9.97110325603997
"frazito01_proj","frazito01_proj",2011,32.2439976892624
"fredejo01_proj","fredejo01_proj",1929,2.53575626519019
"freehbi01_proj","freehbi01_proj",1961,24.4206484047863
"freembu01_proj","freembu01_proj",1898,-6.57232384671515
"freemfr01_proj","freemfr01_proj",2010,42.126461953758
"freesda01_proj","freesda01_proj",2009,23.5286825819416
"freesge02_proj","freesge02_proj",1955,-12.0697416739829
"fregoji01_proj","fregoji01_proj",1961,24.5217406966764
"freylo01_proj","freylo01_proj",1933,11.5354018904722
"fribebe01_proj","fribebe01_proj",1919,-29.0371113935305
"friscfr01_proj","friscfr01_proj",1919,22.7464989621581
"frymatr01_proj","frymatr01_proj",1990,30.7912896180718
"fuentti01_proj","fuentti01_proj",1965,-6.80911022760664
"furilca01_proj","furilca01_proj",1946,6.25710824648187
"gaettga01_proj","gaettga01_proj",1981,31.205599064646
"gagnegr01_proj","gagnegr01_proj",1983,15.8920653340355
"galanau01_proj","galanau01_proj",1934,6.86079755517423
"galaran01_proj","galaran01_proj",1985,19.2942921766429
"galloch01_proj","galloch01_proj",1919,-22.9876682224977
"galvifr01_proj","galvifr01_proj",2012,11.2024710511573
"gamblos01_proj","gamblos01_proj",1969,0.505968312851699
"gandich01_proj","gandich01_proj",1910,-3.76867936365312
"gantnji01_proj","gantnji01_proj",1976,10.5832668949598
"gantro01_proj","gantro01_proj",1987,25.5678206586777
"garcida01_proj","garcida01_proj",1978,-10.8799089732679
"garcino01_proj","garcino01_proj",1996,44.290146414088
"gardnbi02_proj","gardnbi02_proj",1954,-13.6259113325654
"gardnbr01_proj","gardnbr01_proj",2008,46.7112308278635
"gardnla01_proj","gardnla01_proj",1908,2.59363273627328
"garmsde01_proj","garmsde01_proj",1932,-15.1620085113317
"garneph01_proj","garneph01_proj",1973,6.08791372989997
"garrewa01_proj","garrewa01_proj",1969,4.25989739748922
"garrra01_proj","garrra01_proj",1969,-1.23768262622473
"garvest01_proj","garvest01_proj",1970,18.4400077972961
"gastoci01_proj","gastoci01_proj",1967,-20.2769059100168
"gedmari01_proj","gedmari01_proj",1980,-9.19766713173093
"gehrich01_proj","gehrich01_proj",1924,31.4978592202773
"gehrilo01_proj","gehrilo01_proj",1923,70.5939283004598
"gerbewa01_proj","gerbewa01_proj",1914,-33.1493191866546
"geronce01_proj","geronce01_proj",1969,-5.89589841572942
"giambja01_proj","giambja01_proj",1995,49.8792647926949
"gibsoge01_proj","gibsoge01_proj",1905,-24.0266714732807
"gibsoki01_proj","gibsoki01_proj",1979,25.1072812660746
"gilesbr02_proj","gilesbr02_proj",1995,51.5956278059229
"gilkebe01_proj","gilkebe01_proj",1990,15.8874200753548
"gilliji01_proj","gilliji01_proj",1953,18.9577258290962
"girarjo01_proj","girarjo01_proj",1989,-4.80235913900201
"gladdda01_proj","gladdda01_proj",1983,7.54120035674055
"glanvdo01_proj","glanvdo01_proj",1996,10.9309244083175
"glassja01_proj","glassja01_proj",1880,37.5763859052782
"glaustr01_proj","glaustr01_proj",1998,38.4965936312225
"gleaski01_proj","gleaski01_proj",1888,-47.8407749684647
"goldspa01_proj","goldspa01_proj",2011,47.6281883694907
"gomesjo01_proj","gomesjo01_proj",2005,7.59854209241329
"gomezca01_proj","gomezca01_proj",2007,29.0126085768495
"gomezch02_proj","gomezch02_proj",1993,-11.6473142197123
"gonzaad01_proj","gonzaad01_proj",2004,47.5574080421239
"gonzaal01_proj","gonzaal01_proj",1994,9.89457508024029
"gonzaal02_proj","gonzaal02_proj",1998,11.9397082631139
"gonzaca01_proj","gonzaca01_proj",2008,30.2076007676281
"gonzaju03_proj","gonzaju03_proj",1989,31.5378647747326
"gonzalu01_proj","gonzalu01_proj",1990,44.7430843885679
"gonzato01_proj","gonzato01_proj",1960,9.95710003396776
"goodmbi01_proj","goodmbi01_proj",1947,-2.01472191380552
"goodmiv01_proj","goodmiv01_proj",1935,0.340829743878852
"goodwto01_proj","goodwto01_proj",1991,3.75396751798554
"gordoal01_proj","gordoal01_proj",2007,43.0796413716662
"gordode01_proj","gordode01_proj",2011,17.6664650061512
"gordojo01_proj","gordojo01_proj",1938,38.5395001646471
"gordosi01_proj","gordosi01_proj",1941,14.2471446243187
"gorege01_proj","gorege01_proj",1880,15.5129924808001
"gosligo01_proj","gosligo01_proj",1921,24.3043862703651
"gracema01_proj","gracema01_proj",1988,39.7217725980932
"gradymi01_proj","gradymi01_proj",1894,-13.5290618127596
"grandcu01_proj","grandcu01_proj",2004,51.7060696076513
"graneja01_proj","graneja01_proj",1910,-17.969881412619
"granted01_proj","granted01_proj",1905,-21.3477204987454
"grantge01_proj","grantge01_proj",1922,-0.978400843882636
"greenda01_proj","greenda01_proj",1898,-1.1236770284322
"greendi01_proj","greendi01_proj",1963,0.0344101749758041
"greenha01_proj","greenha01_proj",1933,33.2220345670191
"greenmi01_proj","greenmi01_proj",1985,19.0301175997702
"greensh01_proj","greensh01_proj",1993,29.3625058838926
"greerru01_proj","greerru01_proj",1994,22.4122989507394
"gregodi01_proj","gregodi01_proj",2012,22.0104440768916
"grichbo01_proj","grichbo01_proj",1970,57.8343187409666
"grievbe01_proj","grievbe01_proj",1997,8.99377829760112
"griffal01_proj","griffal01_proj",1976,-21.9632422518188
"griffke01_proj","griffke01_proj",1973,18.2518634896346
"griffke02_proj","griffke02_proj",1989,79.716137740267
"griffmi01_proj","griffmi01_proj",1891,9.87119622834172
"griffto01_proj","griffto01_proj",1913,-28.0954381081988
"grimmch01_proj","grimmch01_proj",1916,-39.7837642115472
"grissma02_proj","grissma02_proj",1989,24.6441979151117
"groatdi01_proj","groatdi01_proj",1952,15.9698548689022
"grohhe01_proj","grohhe01_proj",1912,9.0416989628914
"grossgr01_proj","grossgr01_proj",1973,-8.55902272751182
"groteje01_proj","groteje01_proj",1963,-9.99039689681643
"grothjo01_proj","grothjo01_proj",1946,-26.1058358673266
"grubbjo01_proj","grubbjo01_proj",1972,-4.33246541491963
"grubeke01_proj","grubeke01_proj",1984,8.20511162764238
"grudzma01_proj","grudzma01_proj",1995,24.7292661695139
"guerrpe01_proj","guerrpe01_proj",1978,19.8513637710203
"guerrvl01_proj","guerrvl01_proj",1996,59.2404401357678
"guillca01_proj","guillca01_proj",1998,31.1164324404446
"guilljo01_proj","guilljo01_proj",1997,12.2573485975478
"guilloz01_proj","guilloz01_proj",1985,7.3176652432787
"gustifr01_proj","gustifr01_proj",1939,-15.7164372340849
"gutiefr01_proj","gutiefr01_proj",2006,21.184300581936
"gutieri01_proj","gutieri01_proj",1993,-9.73631577242917
"guttedo01_proj","guttedo01_proj",1936,-21.679185231754
"guzmacr01_proj","guzmacr01_proj",1999,17.6839576911366
"gwynnto01_proj","gwynnto01_proj",1982,64.6361646138405
"haasmu01_proj","haasmu01_proj",1925,-15.5876192688575
"hackst01_proj","hackst01_proj",1932,20.3139378584921
"hafeych01_proj","hafeych01_proj",1924,-5.04830760594719
"hairsje02_proj","hairsje02_proj",1998,14.3257727537689
"haleod01_proj","haleod01_proj",1931,-6.34409620016323
"halleto01_proj","halleto01_proj",1961,9.41348670581409
"hallmbi01_proj","hallmbi01_proj",1888,-21.6591139711248
"hallme01_proj","hallme01_proj",1981,-7.75606682297043
"hamilbi01_proj","hamilbi01_proj",1890,43.0369629643903
"hamilda02_proj","hamilda02_proj",1988,12.1225951948884
"hamiljo03_proj","hamiljo03_proj",2007,31.1231485123266
"hammoje01_proj","hammoje01_proj",1993,5.57693285219766
"hamnegr01_proj","hamnegr01_proj",1944,-12.5898463431222
"handlle01_proj","handlle01_proj",1936,-15.5910749813576
"hanlone01_proj","hanlone01_proj",1880,-3.43817946871654
"hansero02_proj","hansero02_proj",1958,-3.00230112348003
"hardyjj01_proj","hardyjj01_proj",2005,32.18394340293
"hargrmi01_proj","hargrmi01_proj",1974,20.3881915560059
"harpebr01_proj","harpebr01_proj",1981,-7.12806193120969
"harpebr03_proj","harpebr03_proj",2012,34.6198399030369
"harpege02_proj","harpege02_proj",1916,-9.25399044217444
"harpeto01_proj","harpeto01_proj",1962,6.11986996187759
"harrato01_proj","harrato01_proj",1971,36.1573116111207
"harrebu01_proj","harrebu01_proj",1965,0.664803177862151
"harribu01_proj","harribu01_proj",1919,-10.2184102047146
"harrijo03_proj","harrijo03_proj",1917,3.91268131209139
"harrile01_proj","harrile01_proj",1988,-17.9833934678857
"hartco01_proj","hartco01_proj",2005,19.3128237056368
"hartji01_proj","hartji01_proj",1963,6.76991276521722
"hartnga01_proj","hartnga01_proj",1922,8.03082903508245
"hartsto01_proj","hartsto01_proj",1898,-10.4151238016608
"hartzro01_proj","hartzro01_proj",1906,-16.7915306478606
"hassebu01_proj","hassebu01_proj",1936,-4.19124319862969
"hassero01_proj","hassero01_proj",1978,1.93141116303691
"hatchbi01_proj","hatchbi01_proj",1984,-10.0977917701386
"hatchmi01_proj","hatchmi01_proj",1979,-10.0149391373868
"hattesc01_proj","hattesc01_proj",1995,8.08428875079904
"hattogr01_proj","hattogr01_proj",1946,-4.9980364632204
"hayesch01_proj","hayesch01_proj",1988,2.12731760989672
"hayesfr01_proj","hayesfr01_proj",1933,-19.5505109381563
"hayesja02_proj","hayesja02_proj",1927,-26.5517404449058
"hayesvo01_proj","hayesvo01_proj",1981,19.8374622245521
"headlch01_proj","headlch01_proj",2007,31.7516932392006
"heathcl01_proj","heathcl01_proj",1918,-26.7631756357285
"heathje01_proj","heathje01_proj",1936,7.41218107702803
"heathmi02_proj","heathmi02_proj",1978,-0.916835830082941
"hebneri01_proj","hebneri01_proj",1969,11.5218421204974
"hechaad01_proj","hechaad01_proj",2012,11.4300414844188
"heganji01_proj","heganji01_proj",1941,-27.0943889966334
"heidrem01_proj","heidrem01_proj",1898,-6.17570900473947
"heilmha01_proj","heilmha01_proj",1916,33.6228994436485
"heldwo01_proj","heldwo01_proj",1954,1.73948246010413
"helmsto01_proj","helmsto01_proj",1965,-7.37250226680572
"heltoto01_proj","heltoto01_proj",1997,59.0882373696089
"hemphch01_proj","hemphch01_proj",1899,-16.5082989853407
"hemslro01_proj","hemslro01_proj",1928,-38.7740737332157
"hendeda01_proj","hendeda01_proj",1981,13.3441308079989
"hendeke01_proj","hendeke01_proj",1965,-13.3252251099118
"henderi01_proj","henderi01_proj",1979,98.2808297102635
"hendest01_proj","hendest01_proj",1977,-0.211088002458383
"hendrge01_proj","hendrge01_proj",1971,6.25709513989625
"henrito01_proj","henrito01_proj",1937,13.7595937400955
"hermaba01_proj","hermaba01_proj",1926,9.82255146970047
"hermabi01_proj","hermabi01_proj",1931,17.9360214929949
"hernajo01_proj","hernajo01_proj",1991,9.23437432542839
"hernake01_proj","hernake01_proj",1974,44.5652806666446
"hernara02_proj","hernara02_proj",1999,24.0036952477465
"herndla01_proj","herndla01_proj",1976,2.99775715063561
"herrto01_proj","herrto01_proj",1979,14.4700633986891
"hershmi01_proj","hershmi01_proj",1961,-10.4482544763933
"herzobu01_proj","herzobu01_proj",1908,0.215701894831701
"heywaja01_proj","heywaja01_proj",2010,44.2890939290484
"hickmch01_proj","hickmch01_proj",1897,-11.7814128474516
"hickmji02_proj","hickmji02_proj",1962,-5.24942856328394
"hidalri01_proj","hidalri01_proj",1997,19.6350997640707
"higgibo02_proj","higgibo02_proj",1995,23.0710616346955
"higgipi01_proj","higgipi01_proj",1930,-2.34470305291904
"highan01_proj","highan01_proj",1922,-18.3547089000118
"hillaa01_proj","hillaa01_proj",2005,28.917138730777
"hillesh02_proj","hillesh02_proj",2001,7.62490477170469
"hillgl01_proj","hillgl01_proj",1989,4.7068498415423
"hinchbi01_proj","hinchbi01_proj",1905,-9.3237102759547
"hinespa01_proj","hinespa01_proj",1880,11.7518020153178
"hinsker01_proj","hinsker01_proj",2002,10.1473157434855
"hintoch01_proj","hintoch01_proj",1961,-2.25047052096579
"hislela01_proj","hislela01_proj",1968,9.23988215275713
"hoagmy01_proj","hoagmy01_proj",1931,-33.1351206369208
"hoakdo01_proj","hoakdo01_proj",1954,10.9445463904847
"hoblidi01_proj","hoblidi01_proj",1908,-9.94270413469573
"hodgegi01_proj","hodgegi01_proj",1943,8.43684613007009
"hofmaso01_proj","hofmaso01_proj",1903,-17.0790017567759
"hogansh01_proj","hogansh01_proj",1925,-13.4696798793622
"holkewa01_proj","holkewa01_proj",1914,-24.8268603651903
"hollato01_proj","hollato01_proj",1995,5.9897342041678
"hollibu01_proj","hollibu01_proj",1890,-6.01604729031702
"hollida01_proj","hollida01_proj",1990,13.5024612054913
"hollima01_proj","hollima01_proj",2004,49.3375088356204
"holmedu01_proj","holmedu01_proj",1895,-18.7789079076313
"holmeto01_proj","holmeto01_proj",1942,12.88456553458
"hoopeha01_proj","hoopeha01_proj",1909,6.45193559223652
"hoppjo01_proj","hoppjo01_proj",1939,-11.0092443050683
"hornebo01_proj","hornebo01_proj",1978,13.9732597398862
"hornsro01_proj","hornsro01_proj",1915,66.3184372728652
"hornujo01_proj","hornujo01_proj",1880,-10.4114553679602
"hortowi01_proj","hortowi01_proj",1963,5.24113898346066
"hosmeer01_proj","hosmeer01_proj",2011,20.284425985152
"howarel01_proj","howarel01_proj",1955,5.99479115593991
"howarfr01_proj","howarfr01_proj",1958,6.31317252109811
"howarry01_proj","howarry01_proj",2004,22.7619418256633
"howelro02_proj","howelro02_proj",1974,-0.952120672151102
"hoydu01_proj","hoydu01_proj",1888,-5.22773341701159
"hrbekke01_proj","hrbekke01_proj",1981,27.8064708078477
"hubbagl01_proj","hubbagl01_proj",1978,9.76246092597428
"hudsoor01_proj","hudsoor01_proj",2002,35.1706035418115
"huffau01_proj","huffau01_proj",2000,23.0369225165437
"huggimi01_proj","huggimi01_proj",1904,0.700841970982343
"hummejo01_proj","hummejo01_proj",1905,-20.0260623727827
"hundlni01_proj","hundlni01_proj",2008,11.9704225915552
"hundlra01_proj","hundlra01_proj",1965,-11.3925184881697
"hundlto01_proj","hundlto01_proj",1990,-1.66965778693443
"huntebr02_proj","huntebr02_proj",1994,7.14459309783573
"hunteto01_proj","hunteto01_proj",1998,52.00492037427
"huntro01_proj","huntro01_proj",1963,14.2178695711889
"hurstdo01_proj","hurstdo01_proj",1928,-2.50512643345138
"iannech01_proj","iannech01_proj",2006,20.0318496566514
"ibanera01_proj","ibanera01_proj",1997,21.8021630986186
"incavpe01_proj","incavpe01_proj",1986,-0.798056403111914
"infanom01_proj","infanom01_proj",2002,20.7782504772182
"ingebr01_proj","ingebr01_proj",2001,22.5045101988117
"irwinar01_proj","irwinar01_proj",1880,-8.42367750143666
"irwinch01_proj","irwinch01_proj",1893,-17.6956214228165
"isbelfr01_proj","isbelfr01_proj",1898,-15.91015239455
"izturce01_proj","izturce01_proj",2001,8.64438531229598
"izturma01_proj","izturma01_proj",2004,15.3512719365122
"jacksau01_proj","jacksau01_proj",2010,28.096307388823
"jacksjo01_proj","jacksjo01_proj",1908,28.5602217822346
"jacksra01_proj","jacksra01_proj",1950,-6.40778354697193
"jacksre01_proj","jacksre01_proj",1967,47.3887927882514
"jacksso01_proj","jacksso01_proj",1963,-21.064410273466
"jackstr01_proj","jackstr01_proj",1922,6.42215088926326
"jacobba01_proj","jacobba01_proj",1915,3.43251657008614
"jacobbr01_proj","jacobbr01_proj",1981,3.98539387039491
"jamesch02_proj","jamesch02_proj",1986,-2.02670638771324
"jamiech01_proj","jamiech01_proj",1915,-22.9471688427951
"javieju01_proj","javieju01_proj",1960,-4.66227518042751
"javiest01_proj","javiest01_proj",1984,14.2449026899665
"jayjo02_proj","jayjo02_proj",2010,17.4591530956571
"jeffegr01_proj","jeffegr01_proj",1988,13.952606990271
"jenkige01_proj","jenkige01_proj",1998,22.782593318539
"jennihu01_proj","jennihu01_proj",1892,13.6641785823606
"jenseja01_proj","jenseja01_proj",1950,12.2213931734936
"jeterde01_proj","jeterde01_proj",1995,74.3463051492036
"johnsal01_proj","johnsal01_proj",1964,-10.8911700711654
"johnsbi03_proj","johnsbi03_proj",1943,-3.42789778298873
"johnsbo01_proj","johnsbo01_proj",1933,28.0795971370618
"johnsch04_proj","johnsch04_proj",1994,22.8800622032113
"johnscl01_proj","johnscl01_proj",1972,-0.734083128577183
"johnsda02_proj","johnsda02_proj",1965,10.7946995829033
"johnsde01_proj","johnsde01_proj",1960,-20.3132341979758
"johnsdo01_proj","johnsdo01_proj",1909,-23.0264386193558
"johnsho01_proj","johnsho01_proj",1982,11.4726432784107
"johnsja01_proj","johnsja01_proj",1966,-9.50461023451682
"johnsji01_proj","johnsji01_proj",1911,-17.0430203227364
"johnske05_proj","johnske05_proj",2005,21.1830877677077
"johnsla03_proj","johnsla03_proj",1987,19.7117531321281
"johnsre02_proj","johnsre02_proj",2003,13.3811963155998
"johnsro02_proj","johnsro02_proj",1929,-7.66482116145393
"jonesad01_proj","jonesad01_proj",2006,37.2616051350006
"jonesan01_proj","jonesan01_proj",1996,62.725183203728
"jonesch06_proj","jonesch06_proj",1993,85.2338669336066
"jonescl01_proj","jonescl01_proj",1963,-6.28762781534148
"jonesda01_proj","jonesda01_proj",1901,-21.4341019035609
"jonesfi01_proj","jonesfi01_proj",1896,4.02509148123886
"jonesma01_proj","jonesma01_proj",1961,4.59990588930876
"jonesru01_proj","jonesru01_proj",1976,11.3683908063496
"jonesto01_proj","jonesto01_proj",1902,-14.5030426260817
"joneswi01_proj","joneswi01_proj",1947,-3.93394451191394
"joosted01_proj","joosted01_proj",1936,-7.5606376840641
"jordabr01_proj","jordabr01_proj",1992,30.0764238481322
"jorgemi01_proj","jorgemi01_proj",1968,-21.1960638459668
"joycema01_proj","joycema01_proj",2008,19.7535194827466
"joynewa01_proj","joynewa01_proj",1986,29.1059496749455
"judgejo01_proj","judgejo01_proj",1915,-8.12637884394527
"jurgebi01_proj","jurgebi01_proj",1931,-7.38107685310681
"justida01_proj","justida01_proj",1989,38.6217173861614
"kalinal01_proj","kalinal01_proj",1953,58.1368057505083
"kammwi01_proj","kammwi01_proj",1923,6.50388362100179
"karroer01_proj","karroer01_proj",1991,4.07294906739142
"kaskoed01_proj","kaskoed01_proj",1957,-2.16616399255473
"kearnau01_proj","kearnau01_proj",2002,15.5960740449527
"keelewi01_proj","keelewi01_proj",1892,2.17291939008377
"kellech01_proj","kellech01_proj",1939,20.863246898937
"kellejo01_proj","kellejo01_proj",1891,4.41470095196733
"kellge01_proj","kellge01_proj",1943,7.39183391014475
"kellyge01_proj","kellyge01_proj",1915,-16.0159825389737
"kellyki01_proj","kellyki01_proj",1880,14.8708344174955
"kellypa01_proj","kellypa01_proj",1968,-5.33237799282083
"kellyro01_proj","kellyro01_proj",1987,12.93290859407
"keltnke01_proj","keltnke01_proj",1938,8.73491098818153
"kempma01_proj","kempma01_proj",2006,29.7377479710538
"kempst01_proj","kempst01_proj",1977,10.7895160533538
"kendaja01_proj","kendaja01_proj",1996,41.6806937251804
"kendrho01_proj","kendrho01_proj",2006,37.4474792850633
"kennead01_proj","kennead01_proj",1999,23.5621979799388
"kennebo01_proj","kennebo01_proj",1939,-36.1089720808291
"kennete02_proj","kennete02_proj",1978,10.2357203829385
"kentje01_proj","kentje01_proj",1992,52.3289238977346
"kerrbu01_proj","kerrbu01_proj",1943,-5.87712020496489
"kessido01_proj","kessido01_proj",1964,-16.8908039460199
"killebi01_proj","killebi01_proj",1909,-26.6169795556405
"killeha01_proj","killeha01_proj",1954,18.0745708841775
"kinerra01_proj","kinerra01_proj",1946,31.2439899771808
"kingje01_proj","kingje01_proj",1989,13.4983376216176
"kingmda01_proj","kingmda01_proj",1971,-5.19157687189559
"kinslia01_proj","kinslia01_proj",2006,61.5078829523791
"kipnija01_proj","kipnija01_proj",2011,27.8794584799309
"kirklwi01_proj","kirklwi01_proj",1958,-3.90027267591335
"kirkped01_proj","kirkped01_proj",1962,-22.2557933612868
"kittrma01_proj","kittrma01_proj",1890,-39.6276080398383
"kleinch01_proj","kleinch01_proj",1928,8.85289432683286
"kleskry01_proj","kleskry01_proj",1992,24.2865636013984
"klingjo01_proj","klingjo01_proj",1900,-7.80535332895063
"kluszte01_proj","kluszte01_proj",1947,5.32530380847237
"knabeot01_proj","knabeot01_proj",1905,-14.5116149495291
"knickbi01_proj","knickbi01_proj",1933,-16.0441768321689
"knighra01_proj","knighra01_proj",1974,-2.12882974284378
"knoblch01_proj","knoblch01_proj",1991,43.6756684217943
"knoopbo01_proj","knoopbo01_proj",1964,-1.04187926419652
"koenima01_proj","koenima01_proj",1925,-17.0696930262162
"kollodo01_proj","kollodo01_proj",1940,-20.3234216276354
"konerpa01_proj","konerpa01_proj",1997,27.7856786683622
"koneted01_proj","koneted01_proj",1907,7.64073366461644
"kopfla01_proj","kopfla01_proj",1913,-21.3337074374953
"koskico01_proj","koskico01_proj",1998,25.0759052180021
"kotchca01_proj","kotchca01_proj",2004,11.3730364786355
"kotsama01_proj","kotsama01_proj",1997,22.5033484233869
"kraneed01_proj","kraneed01_proj",1962,-23.5180866699198
"kreevmi01_proj","kreevmi01_proj",1931,-11.6122413047697
"kressre01_proj","kressre01_proj",1927,-14.2530546279502
"krukjo01_proj","krukjo01_proj",1986,19.3733694727008
"kubekto01_proj","kubekto01_proj",1957,7.91801756898439
"kubelja01_proj","kubelja01_proj",2004,7.96186796906641
"kuennha01_proj","kuennha01_proj",1952,1.17326382792819
"kuheljo01_proj","kuheljo01_proj",1930,-10.5596497015385
"kuipedu01_proj","kuipedu01_proj",1974,-8.18553686453569
"kurowwh01_proj","kurowwh01_proj",1941,5.39160901363486
"laabsch01_proj","laabsch01_proj",1937,-12.9532273129775
"lachaca01_proj","lachaca01_proj",1893,-23.7298232740595
"lacyle01_proj","lacyle01_proj",1972,3.10896067161289
"lajoina01_proj","lajoina01_proj",1896,59.2172334537392
"landiji01_proj","landiji01_proj",1957,5.79373687221453
"landrke01_proj","landrke01_proj",1977,-1.77395411237067
"langebi01_proj","langebi01_proj",1893,2.83629495317301
"lanieha01_proj","lanieha01_proj",1964,-17.651627501266
"lankfra01_proj","lankfra01_proj",1990,34.3061429184927
"lansfca01_proj","lansfca01_proj",1978,30.0968231435087
"lansimi01_proj","lansimi01_proj",1993,8.822340570225
"laporfr01_proj","laporfr01_proj",1905,-11.6940238708322
"larkiba01_proj","larkiba01_proj",1986,62.323447937766
"larocad01_proj","larocad01_proj",2004,18.1247753880808
"laryly01_proj","laryly01_proj",1929,-5.91577482771826
"lavagco01_proj","lavagco01_proj",1934,-14.217141971656
"lavando01_proj","lavando01_proj",1913,-19.2602560400571
"lawtoma02_proj","lawtoma02_proj",1995,15.1552093143123
"lawva01_proj","lawva01_proj",1980,0.657551214483285
"lazzeto01_proj","lazzeto01_proj",1926,16.0539454251677
"leachfr01_proj","leachfr01_proj",1923,-13.7612233318667
"leachto01_proj","leachto01_proj",1898,-7.48293402964418
"leeca01_proj","leeca01_proj",1999,32.4730139971983
"leede02_proj","leede02_proj",1997,36.4116161049172
"leetr01_proj","leetr01_proj",1998,7.78297626432944
"lefebji01_proj","lefebji01_proj",1965,6.40719929593581
"lefloro01_proj","lefloro01_proj",1974,7.59975709993495
"leibone01_proj","leibone01_proj",1913,-22.1225793000545
"lemahdj01_proj","lemahdj01_proj",2011,29.3999980270394
"lemasjo01_proj","lemasjo01_proj",1975,-19.975238907088
"lemkema01_proj","lemkema01_proj",1988,-3.22390897791184
"lemonch01_proj","lemonch01_proj",1975,40.8996136564127
"lemonji01_proj","lemonji01_proj",1950,-15.7213957994222
"leonaje01_proj","leonaje01_proj",1977,-0.394853531148597
"lewisbu01_proj","lewisbu01_proj",1935,3.16931753107277
"lewisda01_proj","lewisda01_proj",1990,6.12329009019162
"lewisdu01_proj","lewisdu01_proj",1910,-4.64586947173409
"lezcasi01_proj","lezcasi01_proj",1974,18.0866734687753
"liebemi01_proj","liebemi01_proj",1994,10.9181825111478
"lindad01_proj","lindad01_proj",2006,16.5509490942266
"lindjo01_proj","lindjo01_proj",1987,-5.48528839981592
"lindsfr01_proj","lindsfr01_proj",1924,-5.96512991335136
"litwhda01_proj","litwhda01_proj",1940,-3.93311661737937
"loberha01_proj","loberha01_proj",1903,-15.3210616520324
"lockmwh01_proj","lockmwh01_proj",1945,-7.40189688207598
"loducpa01_proj","loducpa01_proj",1998,18.1436444200456
"loftoke01_proj","loftoke01_proj",1991,65.5418621598211
"loganjo01_proj","loganjo01_proj",1951,10.4638222899452
"lollash01_proj","lollash01_proj",1946,-5.14088104623089
"lombaer01_proj","lombaer01_proj",1931,10.1770723567276
"loneyja01_proj","loneyja01_proj",2006,16.3222133002292
"longda02_proj","longda02_proj",1951,-3.97813388034948
"longhe01_proj","longhe01_proj",1890,-2.87513823719401
"longoev01_proj","longoev01_proj",2008,59.0434935685814
"longte01_proj","longte01_proj",2000,6.12103537271897
"lopesda01_proj","lopesda01_proj",1972,27.5581752275308
"lopezal01_proj","lopezal01_proj",1928,-21.4088581660368
"lopezfe01_proj","lopezfe01_proj",2001,9.82905674813428
"lopezhe01_proj","lopezhe01_proj",1955,-5.03364365758021
"lopezja01_proj","lopezja01_proj",1992,29.0238467016751
"lopezjo01_proj","lopezjo01_proj",2004,12.2073206177115
"lordha01_proj","lordha01_proj",1907,-2.14028161745718
"loretma01_proj","loretma01_proj",1995,15.4976881526416
"lowebo01_proj","lowebo01_proj",1890,-25.7980105412789
"lowelmi01_proj","lowelmi01_proj",1998,25.8029505453911
"lowenjo01_proj","lowenjo01_proj",1970,-12.0276623962422
"lowrepe01_proj","lowrepe01_proj",1942,-10.4656927622507
"lowrije01_proj","lowrije01_proj",2008,21.8808921688934
"lucrojo01_proj","lucrojo01_proj",2010,24.7422723825124
"luderfr01_proj","luderfr01_proj",1909,-10.518240431472
"ludwiry01_proj","ludwiry01_proj",2002,15.3193416278789
"lugoju01_proj","lugoju01_proj",2000,15.5488627226975
"lummi01_proj","lummi01_proj",1967,-21.4893637122956
"lumpeje01_proj","lumpeje01_proj",1956,-0.664818289724182
"luzingr01_proj","luzingr01_proj",1970,7.47439466097546
"lynnfr01_proj","lynnfr01_proj",1974,37.9836349618524
"mabryjo01_proj","mabryjo01_proj",1994,-4.09935803737055
"macfami01_proj","macfami01_proj",1987,7.56133438001779
"machama01_proj","machama01_proj",2012,41.6717354006253
"maddoga01_proj","maddoga01_proj",1972,19.0945670386627
"madlobi01_proj","madlobi01_proj",1973,23.8004774949675
"magadda01_proj","magadda01_proj",1986,9.84742773616193
"mageele01_proj","mageele01_proj",1911,-13.0223557697704
"mageesh01_proj","mageesh01_proj",1904,16.918157979382
"majesha01_proj","majesha01_proj",1939,-10.0572194794731
"maldoca01_proj","maldoca01_proj",1981,-7.24966067149457
"malzofr01_proj","malzofr01_proj",1955,-0.525806701903513
"mancugu01_proj","mancugu01_proj",1928,-24.7033425913107
"manniri01_proj","manniri01_proj",1975,-0.540847367812633
"mannle01_proj","mannle01_proj",1913,-28.4641994966038
"mantlmi01_proj","mantlmi01_proj",1951,86.2553838883775
"manushe01_proj","manushe01_proj",1923,5.31162624155607
"maranra01_proj","maranra01_proj",1912,-16.9893593756183
"marioma01_proj","marioma01_proj",1940,5.83737712508807
"marisro01_proj","marisro01_proj",1957,20.3411922399903
"markani01_proj","markani01_proj",2006,37.305894685247
"marshmi02_proj","marshmi02_proj",1981,-0.774887596554995
"marshwi01_proj","marshwi01_proj",1942,0.235092817003913
"martest01_proj","martest01_proj",2012,34.3386423434343
"martial03_proj","martial03_proj",1992,4.8965155429712
"martibi02_proj","martibi02_proj",1950,-15.0225183960361
"martida01_proj","martida01_proj",1986,7.49463258721417
"martied01_proj","martied01_proj",1987,56.2826154832325
"martijd02_proj","martijd02_proj",2011,29.1106361013683
"martipe01_proj","martipe01_proj",1928,-8.35172593725343
"martiru01_proj","martiru01_proj",2006,43.4422886999533
"martiti02_proj","martiti02_proj",1990,23.8287779449752
"martivi01_proj","martivi01_proj",2002,38.8898472711752
"masiph01_proj","masiph01_proj",1939,-15.0252374955329
"matheed01_proj","matheed01_proj",1952,66.299108146859
"mathemi01_proj","mathemi01_proj",1994,-3.77634989145215
"matsuhi01_proj","matsuhi01_proj",2003,22.5444321546985
"matthga01_proj","matthga01_proj",1972,11.1931709998765
"matthga02_proj","matthga02_proj",1999,15.891186259013
"mattido01_proj","mattido01_proj",1982,34.7718468127516
"mauerjo01_proj","mauerjo01_proj",2004,60.8534759165528
"maxvida01_proj","maxvida01_proj",1962,-16.7507445698163
"maxwech01_proj","maxwech01_proj",1950,-2.71247915746778
"maybejo01_proj","maybejo01_proj",1968,7.16959290658994
"maybica01_proj","maybica01_proj",2007,20.2257101125314
"mayca01_proj","mayca01_proj",1968,-1.03900535407568
"mayda01_proj","mayda01_proj",1967,-7.93711963465202
"mayele01_proj","mayele01_proj",1959,-2.43156796400428
"mayle01_proj","mayle01_proj",1966,4.53400932155412
"maymi01_proj","maymi01_proj",1971,0.997383031359951
"maynebr01_proj","maynebr01_proj",1990,-11.0062683410917
"mayoed01_proj","mayoed01_proj",1936,-13.1963011742873
"mayswi01_proj","mayswi01_proj",1951,123.143145484344
"mazerbi01_proj","mazerbi01_proj",1956,12.9460771426647
"mazzile01_proj","mazzile01_proj",1976,0.115540944045173
"mcaleji01_proj","mcaleji01_proj",1889,-26.275494846954
"mcauldi01_proj","mcauldi01_proj",1960,8.78432866031206
"mcbriba01_proj","mcbriba01_proj",1973,9.87216900285581
"mcbrige01_proj","mcbrige01_proj",1901,-17.6139048167105
"mccanbr01_proj","mccanbr01_proj",2005,37.5020438009223
"mccarja01_proj","mccarja01_proj",1893,-24.3422799532333
"mccarti01_proj","mccarti01_proj",1959,-8.237527469779
"mccorba01_proj","mccorba01_proj",1895,-24.541895060502
"mccorfr01_proj","mccorfr01_proj",1934,6.84694721487155
"mccosba01_proj","mccosba01_proj",1939,-1.45993927913033
"mccovwi01_proj","mccovwi01_proj",1959,29.7246292200906
"mccrato01_proj","mccrato01_proj",1963,-5.85028938285942
"mcculcl01_proj","mcculcl01_proj",1940,-23.7805193350302
"mccutan01_proj","mccutan01_proj",2009,51.0939576300097
"mcdougi01_proj","mcdougi01_proj",1951,24.1842712181135
"mcfared01_proj","mcfared01_proj",1893,-23.8642197686406
"mcganda01_proj","mcganda01_proj",1896,-0.458077477269043
"mcgeewi01_proj","mcgeewi01_proj",1982,22.6725946790276
"mcgrajo01_proj","mcgrajo01_proj",1892,10.4873429718766
"mcgrifr01_proj","mcgrifr01_proj",1986,45.754872918362
"mcguide01_proj","mcguide01_proj",1885,-40.2536189244282
"mcgwima01_proj","mcgwima01_proj",1986,54.3883371198204
"mcinnst01_proj","mcinnst01_proj",1909,-13.5030697258346
"mcintma01_proj","mcintma01_proj",1901,-7.24842318273317
"mckeaed01_proj","mckeaed01_proj",1889,3.02278580382319
"mclemma01_proj","mclemma01_proj",1986,4.60977941492727
"mclouna01_proj","mclouna01_proj",2005,11.7427438984865
"mcmanma01_proj","mcmanma01_proj",1920,-3.35425722300501
"mcmilro01_proj","mcmilro01_proj",1951,3.99947171752177
"mcmulke01_proj","mcmulke01_proj",1962,11.7981575514951
"mcnaier01_proj","mcnaier01_proj",1929,-26.7253016799179
"mcphebi01_proj","mcphebi01_proj",1890,7.15969173195547
"mcquige02_proj","mcquige02_proj",1936,-1.44946676950279
"mcraebr01_proj","mcraebr01_proj",1990,11.809004429019
"mcraeha01_proj","mcraeha01_proj",1968,6.59076173588142
"mcreyke01_proj","mcreyke01_proj",1983,24.2808055882506
"mearepa01_proj","mearepa01_proj",1993,6.2265509642919
"medwijo01_proj","medwijo01_proj",1932,16.3015477943645
"melesa01_proj","melesa01_proj",1947,-16.477030019987
"melilsk01_proj","melilsk01_proj",1926,-21.9746975673644
"meltobi01_proj","meltobi01_proj",1968,4.73816960124884
"menkede01_proj","menkede01_proj",1962,6.19444019167101
"merceor01_proj","merceor01_proj",1990,11.8505893022155
"merklfr01_proj","merklfr01_proj",1907,-23.6748999856806
"mertesa01_proj","mertesa01_proj",1896,-7.90634120694415
"metkoca01_proj","metkoca01_proj",1943,-13.8129382994915
"metzgro01_proj","metzgro01_proj",1970,-11.2079121606821
"meusebo01_proj","meusebo01_proj",1920,1.27798418808422
"meuseir01_proj","meuseir01_proj",1914,-5.39386692719618
"meyerda01_proj","meyerda01_proj",1974,-22.2663419795753
"michaca01_proj","michaca01_proj",1943,-7.41549555787115
"mientdo01_proj","mientdo01_proj",1998,14.2689275305987
"miksied01_proj","miksied01_proj",1944,-33.1951876845381
"milancl01_proj","milancl01_proj",1907,-0.647268223253146
"millafe01_proj","millafe01_proj",1966,-1.94696801336538
"millake01_proj","millake01_proj",1998,15.2226793493459
"millebi02_proj","millebi02_proj",1921,-8.47047321563574
"milleda02_proj","milleda02_proj",1997,9.68106154216104
"milledo01_proj","milledo01_proj",1887,-4.84290277123499
"milledo02_proj","milledo02_proj",1909,-11.4045254271632
"milleed03_proj","milleed03_proj",1936,-7.99444120389808
"milleri01_proj","milleri01_proj",1971,-0.0302219489494736
"milnejo01_proj","milnejo01_proj",1971,-2.27292450697048
"minchdo01_proj","minchdo01_proj",1960,2.09485822412959
"minosmi01_proj","minosmi01_proj",1949,25.8261443871096
"mitchda01_proj","mitchda01_proj",1946,-2.53802484304703
"mitchke01_proj","mitchke01_proj",1984,18.4724281677375
"mitchmi01_proj","mitchmi01_proj",1907,-1.64319765206309
"mizejo01_proj","mizejo01_proj",1936,45.3082444877653
"molinbe01_proj","molinbe01_proj",1999,12.1767738459131
"molinya01_proj","molinya01_proj",2004,45.2174880430555
"molitpa01_proj","molitpa01_proj",1978,59.8203606615426
"mondari01_proj","mondari01_proj",1966,4.32163606630135
"mondera01_proj","mondera01_proj",1993,31.2604026048856
"moneydo01_proj","moneydo01_proj",1968,17.5927729941662
"montawi01_proj","montawi01_proj",1966,-19.1859264661228
"montemi01_proj","montemi01_proj",2006,19.2840475025601
"moonwa01_proj","moonwa01_proj",1954,9.63387626077254
"moorech02_proj","moorech02_proj",1973,-4.14052360433409
"moorege03_proj","moorege03_proj",1931,-17.0954868142909
"moorejo01_proj","moorejo01_proj",1929,-9.04476468226819
"moorejo02_proj","moorejo02_proj",1930,-12.2726488002646
"moorete01_proj","moorete01_proj",1935,-4.72271467101093
"moralje01_proj","moralje01_proj",1969,-27.3772909972516
"moralke01_proj","moralke01_proj",2006,18.8757013115468
"morame01_proj","morame01_proj",1999,31.7737914688755
"moranmi01_proj","moranmi01_proj",1990,3.23945417491203
"morelke01_proj","morelke01_proj",1978,-8.23006232479683
"morelmi01_proj","morelmi01_proj",2010,13.405887130153
"morenom01_proj","morenom01_proj",1975,-4.78327340665409
"morgajo02_proj","morgajo02_proj",1963,72.6119656295049
"moriage02_proj","moriage02_proj",1903,-20.0274641957872
"morneju01_proj","morneju01_proj",2003,30.9667846943708
"morriha02_proj","morriha02_proj",1988,3.2124988346226
"morriji01_proj","morriji01_proj",1977,-1.79453907634968
"morrijo01_proj","morrijo01_proj",1880,2.85134430314607
"morrilo01_proj","morrilo01_proj",2010,8.20527729043281
"mosebll01_proj","mosebll01_proj",1980,19.656364083959
"moseswa01_proj","moseswa01_proj",1935,-4.52088719873657
"mossbr01_proj","mossbr01_proj",2007,7.98439438873659
"mostijo01_proj","mostijo01_proj",1918,1.83506575559716
"motama01_proj","motama01_proj",1962,-6.93787168309377
"moustmi01_proj","moustmi01_proj",2011,21.6718708818472
"mowremi01_proj","mowremi01_proj",1905,-20.4314317728279
"muellbi02_proj","muellbi02_proj",1996,23.9034018260315
"muelldo01_proj","muelldo01_proj",1948,-14.3954154370152
"mullira01_proj","mullira01_proj",1977,-3.16331167466441
"mulvejo01_proj","mulvejo01_proj",1883,-12.8744429347059
"mumphje01_proj","mumphje01_proj",1974,6.03105329012948
"munsoth01_proj","munsoth01_proj",1969,33.0545085805619
"murcebo01_proj","murcebo01_proj",1965,11.5394091691854
"murphda02_proj","murphda02_proj",1900,-5.61708847038136
"murphda05_proj","murphda05_proj",1976,25.3053177640651
"murphda07_proj","murphda07_proj",2006,13.1074825753625
"murphda08_proj","murphda08_proj",2008,23.5548928573513
"murphdw01_proj","murphdw01_proj",1978,27.3678430345408
"murraed02_proj","murraed02_proj",1977,52.9820348766065
"murrare01_proj","murrare01_proj",1906,-14.5174374451044
"musiast01_proj","musiast01_proj",1941,88.0754935950423
"myerbu01_proj","myerbu01_proj",1925,7.79380912885596
"myersal01_proj","myersal01_proj",1885,-7.91976045905675
"myersgr01_proj","myersgr01_proj",1987,-5.66309376302244
"myershy01_proj","myershy01_proj",1909,-25.5870642454904
"napolmi01_proj","napolmi01_proj",2006,31.8027104959867
"nashbi01_proj","nashbi01_proj",1885,0.372358420633107
"navardi01_proj","navardi01_proj",2004,10.4723602374228
"nealch01_proj","nealch01_proj",1956,1.30197590051071
"nettlgr01_proj","nettlgr01_proj",1968,48.3173401007221
"nevinph01_proj","nevinph01_proj",1995,14.1993121656188
"newsosk01_proj","newsosk01_proj",1935,-23.1787174558597
"nichobi01_proj","nichobi01_proj",1936,11.2803216926532
"niemabo01_proj","niemabo01_proj",1951,-0.309038013392215
"nixonot01_proj","nixonot01_proj",1983,0.3908514413807
"nixontr01_proj","nixontr01_proj",1996,21.9722842431085
"norenir01_proj","norenir01_proj",1950,-6.18150967977059
"northbi01_proj","northbi01_proj",1971,14.0768799001464
"northji01_proj","northji01_proj",1964,6.46154134018957
"northro01_proj","northro01_proj",1942,-5.30912425280599
"oberkke01_proj","oberkke01_proj",1977,3.35236145977913
"odorro01_proj","odorro01_proj",2014,9.45397992247892
"oestero01_proj","oestero01_proj",1978,-2.96181707812484
"offerjo01_proj","offerjo01_proj",1990,6.89170917510546
"oglivbe01_proj","oglivbe01_proj",1971,5.68375822423485
"oldriru01_proj","oldriru01_proj",1905,-21.7646665755096
"olerujo01_proj","olerujo01_proj",1989,54.7700390516406
"olivato01_proj","olivato01_proj",1962,28.2006438279761
"oliveal01_proj","oliveal01_proj",1968,20.9257105766746
"olivejo01_proj","olivejo01_proj",1989,-4.26502834529839
"olivomi01_proj","olivomi01_proj",2002,10.7508875514934
"olsoniv01_proj","olsoniv01_proj",1911,-28.8763901849892
"oquenjo01_proj","oquenjo01_proj",1983,4.34416864053603
"ordonma01_proj","ordonma01_proj",1997,39.9984448879062
"ordonre01_proj","ordonre01_proj",1996,1.01113456817996
"orsuljo01_proj","orsuljo01_proj",1983,-10.4591469681382
"ortajo01_proj","ortajo01_proj",1972,-1.61114757907935
"ortizda01_proj","ortizda01_proj",1997,54.6740925239901
"otisam01_proj","otisam01_proj",1967,19.8895550233033
"ottme01_proj","ottme01_proj",1926,56.4524002077988
"overbly01_proj","overbly01_proj",2003,20.0816018210567
"owenma01_proj","owenma01_proj",1931,-16.2556298107774
"owenmi01_proj","owenmi01_proj",1937,-19.7433677563088
"owensp01_proj","owensp01_proj",1983,1.52341230407814
"ozunama01_proj","ozunama01_proj",2013,25.1981365915761
"pacioto01_proj","pacioto01_proj",1970,-19.6599299252621
"paddedi01_proj","paddedi01_proj",1896,-18.1069899250648
"pafkoan01_proj","pafkoan01_proj",1943,3.63080530420816
"paganan01_proj","paganan01_proj",2006,22.8543537310102
"paganjo01_proj","paganjo01_proj",1959,-20.2930830919421
"paglimi01_proj","paglimi01_proj",1984,0.784779244451824
"palmede01_proj","palmede01_proj",1989,4.3647906421742
"palmera01_proj","palmera01_proj",1986,63.5436312631187
"parenfr01_proj","parenfr01_proj",1899,4.69120790991533
"parkeda01_proj","parkeda01_proj",1973,29.7185965138895
"parkewe01_proj","parkewe01_proj",1964,10.7324042888759
"parrage01_proj","parrage01_proj",2009,17.9411443265926
"parrila01_proj","parrila01_proj",1974,-2.50909473961416
"parrila02_proj","parrila02_proj",1977,25.1549998940064
"paskedo01_proj","paskedo01_proj",1907,-16.0575803452774
"patekfr01_proj","patekfr01_proj",1968,3.90429257436833
"patteco01_proj","patteco01_proj",2000,11.4430606705004
"paytoja01_proj","paytoja01_proj",1998,15.7724109669265
"pearsal02_proj","pearsal02_proj",1958,-0.129094069542002
"peckiro01_proj","peckiro01_proj",1910,0.75366743234455
"pedrodu01_proj","pedrodu01_proj",2006,56.5258796740402
"peitzhe01_proj","peitzhe01_proj",1892,-28.8797888441138
"penaca01_proj","penaca01_proj",2001,28.06968533809
"penato01_proj","penato01_proj",1980,11.6281375212221
"pencehu01_proj","pencehu01_proj",2007,38.0310586477465
"pendlte01_proj","pendlte01_proj",1984,17.8058417980429
"pepitjo01_proj","pepitjo01_proj",1962,-8.67728106779843
"peraljh01_proj","peraljh01_proj",2003,37.0564221640218
"perezma01_proj","perezma01_proj",1969,-11.5909866562511
"perezne01_proj","perezne01_proj",1996,2.14776771773026
"perezsa02_proj","perezsa02_proj",2011,27.5696802357107
"perezto01_proj","perezto01_proj",1964,22.2099888526308
"perkicy01_proj","perkicy01_proj",1915,-30.4003892525036
"perryge01_proj","perryge01_proj",1983,-15.5074178743422
"peskyjo01_proj","peskyjo01_proj",1942,12.6207143131638
"petrori01_proj","petrori01_proj",1963,20.9229928337825
"pettiga01_proj","pettiga01_proj",1982,15.1373627870009
"pfefffr01_proj","pfefffr01_proj",1882,-5.94383444564461
"phillbr01_proj","phillbr01_proj",2002,34.8763658017475
"phillbu02_proj","phillbu02_proj",1955,-13.7505638401432
"phillda01_proj","phillda01_proj",1941,-21.9099638525408
"phillto02_proj","phillto02_proj",1982,40.2556766492087
"piazzmi01_proj","piazzmi01_proj",1992,58.364866960481
"pickeol01_proj","pickeol01_proj",1896,-16.5403604234147
"pierrju01_proj","pierrju01_proj",2000,19.4293285718155
"piersji01_proj","piersji01_proj",1950,2.99742530054959
"pillake01_proj","pillake01_proj",2013,21.1883035646599
"pinielo01_proj","pinielo01_proj",1968,-13.4179904332202
"pinsova01_proj","pinsova01_proj",1958,32.2176700811819
"pippwa01_proj","pippwa01_proj",1913,-3.96119874688973
"podsesc01_proj","podsesc01_proj",2001,8.34629384127658
"polanpl01_proj","polanpl01_proj",1998,42.7310784112625
"polonlu01_proj","polonlu01_proj",1987,1.29111382285259
"porteda02_proj","porteda02_proj",1971,21.7849244921042
"posadjo01_proj","posadjo01_proj",1996,42.8325036879257
"poseybu01_proj","poseybu01_proj",2009,46.822877877945
"postwa01_proj","postwa01_proj",1949,-9.82369316433921
"powelbo01_proj","powelbo01_proj",1961,8.18475430501991
"powelra01_proj","powelra01_proj",1917,-13.9873893065282
"powervi01_proj","powervi01_proj",1954,-3.64850051201012
"pradoma01_proj","pradoma01_proj",2006,34.6165747863617
"prattde01_proj","prattde01_proj",1912,15.3491207765544
"preslji01_proj","preslji01_proj",1984,-9.32947275494335
"priddje01_proj","priddje01_proj",1941,-0.430398964705593
"puckeki01_proj","puckeki01_proj",1984,51.515915015406
"puhlte01_proj","puhlte01_proj",1977,10.3397980096123
"puigya01_proj","puigya01_proj",2013,24.2097789226321
"pujolal01_proj","pujolal01_proj",2001,106.404758621016
"puntoni01_proj","puntoni01_proj",2001,18.1293291922382
"quinnjo02_proj","quinnjo02_proj",1885,-33.9308617543576
"radclri01_proj","radclri01_proj",1934,-15.725310659715
"raderdo02_proj","raderdo02_proj",1967,10.5044553777741
"radfopa01_proj","radfopa01_proj",1883,-14.6524307450996
"raineti01_proj","raineti01_proj",1980,58.5092910412572
"ramiral03_proj","ramiral03_proj",2008,26.1470191535894
"ramirar01_proj","ramirar01_proj",1998,36.5530205087274
"ramirha01_proj","ramirha01_proj",2005,42.4258181557243
"ramirma02_proj","ramirma02_proj",1993,66.2612733974273
"ramirra01_proj","ramirra01_proj",1980,-9.75825754900819
"ramoswi01_proj","ramoswi01_proj",2010,20.7398497968684
"randajo01_proj","randajo01_proj",1995,20.7770630248121
"randlle01_proj","randlle01_proj",1971,-5.92480468629372
"randowi01_proj","randowi01_proj",1975,51.1677748967289
"rasmuco01_proj","rasmuco01_proj",2009,24.2217804967933
"rawlijo01_proj","rawlijo01_proj",1917,-19.1803294239989
"rayjo01_proj","rayjo01_proj",1981,20.3670419431543
"reddijo01_proj","reddijo01_proj",2009,30.0900016668588
"redusga01_proj","redusga01_proj",1982,3.59893938384382
"reedje02_proj","reedje02_proj",1984,-12.34518760628
"reedjo01_proj","reedjo01_proj",1987,9.70160061807734
"reesepe01_proj","reesepe01_proj",1940,37.3091081151453
"reichri01_proj","reichri01_proj",1964,-2.59721807763893
"reitzke01_proj","reitzke01_proj",1972,-20.8970549461113
"remyje01_proj","remyje01_proj",1975,4.51005461974196
"rendoan01_proj","rendoan01_proj",2013,33.9860677300818
"renteed01_proj","renteed01_proj",1996,32.5345884241618
"repulri01_proj","repulri01_proj",1953,-9.36612538456924
"reverbe01_proj","reverbe01_proj",2010,11.1945174171725
"reyesjo01_proj","reyesjo01_proj",2003,41.9143786862928
"reynoca01_proj","reynoca01_proj",1927,-7.59055655761569
"reynocr01_proj","reynocr01_proj",1975,0.296226639108948
"reynoha01_proj","reynoha01_proj",1983,3.10824253524579
"reynoma01_proj","reynoma01_proj",2007,12.3000225231629
"ricede01_proj","ricede01_proj",1945,-31.9215848163211
"riceha01_proj","riceha01_proj",1924,-5.09331839187968
"riceji01_proj","riceji01_proj",1974,40.3938639600238
"ricesa01_proj","ricesa01_proj",1915,0.646659493104845
"richabo01_proj","richabo01_proj",1955,-9.4033018990015
"richada01_proj","richada01_proj",1884,-4.96736054222893
"richage01_proj","richage01_proj",1977,10.7381134544353
"richaha01_proj","richaha01_proj",1880,11.3031620146108
"riosal01_proj","riosal01_proj",2004,34.1725560627102
"ripkeca01_proj","ripkeca01_proj",1981,79.7275903614582
"ritchcl01_proj","ritchcl01_proj",1897,-3.34153515899849
"riverji01_proj","riverji01_proj",1952,-9.03747724295238
"riverju01_proj","riverju01_proj",2001,11.3882043452502
"rivermi01_proj","rivermi01_proj",1970,19.3343162633143
"rizzoan01_proj","rizzoan01_proj",2011,38.3665773938594
"rizzuph01_proj","rizzuph01_proj",1941,16.9763391000904
"roberbi01_proj","roberbi01_proj",1986,10.9002843115012
"roberbr01_proj","roberbr01_proj",2001,34.1054462300108
"robinbi02_proj","robinbi02_proj",1966,-17.6134913480564
"robinbr01_proj","robinbr01_proj",1955,39.7659211335551
"robined01_proj","robined01_proj",1942,-13.1836167966152
"robinfl01_proj","robinfl01_proj",1960,4.27902210585934
"robinfr02_proj","robinfr02_proj",1956,73.5639736914449
"robinja02_proj","robinja02_proj",1947,49.5704593871492
"robinwi01_proj","robinwi01_proj",1892,-25.9883569005943
"rodgebu01_proj","rodgebu01_proj",1961,-7.18517431736123
"rodrial01_proj","rodrial01_proj",1994,112.581732925463
"rodriau01_proj","rodriau01_proj",1967,-6.82879935614752
"rodrihe02_proj","rodrihe02_proj",1992,-7.30387647096202
"rodriiv01_proj","rodriiv01_proj",1991,64.6682866153233
"rogelbi01_proj","rogelbi01_proj",1925,-3.74175606476529
"rojasco01_proj","rojasco01_proj",1962,-14.4186785270615
"rolensc01_proj","rolensc01_proj",1996,70.2100659539001
"rolfere01_proj","rolfere01_proj",1934,4.62280756094304
"rolliji01_proj","rolliji01_proj",2000,49.960861029102
"rolliri01_proj","rolliri01_proj",1961,-1.99067632409506
"rosarbu01_proj","rosarbu01_proj",1939,-12.4181911044928
"rosebjo01_proj","rosebjo01_proj",1957,4.42911959905172
"rosenal01_proj","rosenal01_proj",1947,16.2462486558799
"rosepe01_proj","rosepe01_proj",1963,49.6553271882069
"rossco01_proj","rossco01_proj",2003,17.0459842227044
"rothrja01_proj","rothrja01_proj",1925,-23.7786332252807
"roushed01_proj","roushed01_proj",1913,1.28347462992946
"rowanaa01_proj","rowanaa01_proj",2001,23.8597628066505
"roweja01_proj","roweja01_proj",1880,11.8627291959816
"roystje01_proj","roystje01_proj",1973,-15.8883820214352
"rudijo01_proj","rudijo01_proj",1967,1.01810133188925
"ruelmu01_proj","ruelmu01_proj",1915,-32.3175070731013
"ruizca01_proj","ruizca01_proj",2006,26.1865773043163
"runnepe01_proj","runnepe01_proj",1951,10.16182083057
"russebi01_proj","russebi01_proj",1969,7.76308525718916
"russeji01_proj","russeji01_proj",1942,-3.2066477252303
"ruthba01_proj","ruthba01_proj",1914,109.711222544281
"ryanco01_proj","ryanco01_proj",1942,-5.19505738553104
"ryanji01_proj","ryanji01_proj",1885,-4.7398461341558
"saboch01_proj","saboch01_proj",1988,9.23358024352419
"salazlu01_proj","salazlu01_proj",1980,-3.99123778465051
"salmoti01_proj","salmoti01_proj",1992,39.036596983285
"samueju01_proj","samueju01_proj",1983,-1.66894412324694
"sanchfr01_proj","sanchfr01_proj",2002,18.1330005109106
"sanchre01_proj","sanchre01_proj",1991,17.7562198810666
"sandbry01_proj","sandbry01_proj",1981,57.3228025876883
"sandere02_proj","sandere02_proj",1991,36.9276272449948
"sandhe01_proj","sandhe01_proj",1923,-13.4114661297496
"sandopa01_proj","sandopa01_proj",2008,25.1596060495605
"sanguma01_proj","sanguma01_proj",1967,9.21444327830237
"santaca01_proj","santaca01_proj",2010,36.4574990822135
"santibe01_proj","santibe01_proj",1986,19.5089290435951
"santoro01_proj","santoro01_proj",1960,47.8347966325949
"sauerha01_proj","sauerha01_proj",1941,-4.01702227732771
"saxst01_proj","saxst01_proj",1981,13.9465443489416
"schaapa01_proj","schaapa01_proj",1964,0.545321611610738
"schaege01_proj","schaege01_proj",1901,-27.8097513498773
"schalra01_proj","schalra01_proj",1912,-12.9078569445597
"schanwa01_proj","schanwa01_proj",1913,1.30020784016684
"schmimi01_proj","schmimi01_proj",1972,95.541678496408
"schnebr01_proj","schnebr01_proj",2000,9.21701659407163
"schoere01_proj","schoere01_proj",1945,6.46418068459194
"schofdi01_proj","schofdi01_proj",1953,-24.4022332069091
"schofdi02_proj","schofdi02_proj",1983,7.75928249516954
"schulfr01_proj","schulfr01_proj",1904,-17.661618344557
"schulfr02_proj","schulfr02_proj",1927,-8.72493212427515
"schumsk01_proj","schumsk01_proj",2005,6.17082410893725
"sciosmi01_proj","sciosmi01_proj",1980,16.0173650557718
"scottev01_proj","scottev01_proj",1914,-13.5677440805898
"scottge02_proj","scottge02_proj",1966,17.9545860592852
"scutama01_proj","scutama01_proj",2002,24.6415516975762
"seageky01_proj","seageky01_proj",2011,37.0704550348009
"seguida01_proj","seguida01_proj",1990,3.01496159337741
"segurje01_proj","segurje01_proj",2012,24.9051184021272
"seitzke01_proj","seitzke01_proj",1986,20.9140704873416
"selbaki01_proj","selbaki01_proj",1894,1.34550570285362
"semiema01_proj","semiema01_proj",2013,25.41509446474
"seminan01_proj","seminan01_proj",1943,-8.43963627885269
"severha01_proj","severha01_proj",1911,-21.1403696724992
"seweljo01_proj","seweljo01_proj",1920,23.8007058405174
"sewellu01_proj","sewellu01_proj",1921,-44.2300980390452
"sexsori01_proj","sexsori01_proj",1997,18.0678128777274
"seyboso01_proj","seyboso01_proj",1899,-1.18448026547618
"seymocy01_proj","seymocy01_proj",1896,-17.9606482456185
"shankho01_proj","shankho01_proj",1912,-26.0414771942711
"sheckji01_proj","sheckji01_proj",1897,-2.2553971712621
"sheelea01_proj","sheelea01_proj",1921,-0.965236329294904
"sheffga01_proj","sheffga01_proj",1988,45.556218427974
"shelbjo01_proj","shelbjo01_proj",1981,-7.8122273951925
"shindbi01_proj","shindbi01_proj",1886,-19.3310717573176
"shottbu01_proj","shottbu01_proj",1909,-8.07377137456172
"siebedi01_proj","siebedi01_proj",1932,-19.3685024091486
"siebeno01_proj","siebeno01_proj",1956,5.2937636304715
"sierrru01_proj","sierrru01_proj",1986,6.79987226946522
"sievero01_proj","sievero01_proj",1949,-3.78010486003573
"simmoal01_proj","simmoal01_proj",1924,23.7677966287955
"simmoan01_proj","simmoan01_proj",2012,44.0663768305305
"simmote01_proj","simmote01_proj",1968,23.8297075614674
"singlke01_proj","singlke01_proj",1970,30.3893561837943
"sislege01_proj","sislege01_proj",1915,21.450481512107
"sizemgr01_proj","sizemgr01_proj",2004,31.3442940641534
"sizemte01_proj","sizemte01_proj",1969,0.107589625700559
"skinnbo01_proj","skinnbo01_proj",1954,0.805039815079855
"skowrbi01_proj","skowrbi01_proj",1954,9.73028150905593
"slaglji01_proj","slaglji01_proj",1899,-13.2642451971475
"slaugdo01_proj","slaugdo01_proj",1982,5.16346112778584
"slaugen01_proj","slaugen01_proj",1938,20.9273541605245
"smallro02_proj","smallro02_proj",1975,18.1875365987452
"smithal04_proj","smithal04_proj",1953,1.37781082282487
"smithel01_proj","smithel01_proj",1892,1.97721330714129
"smithel02_proj","smithel02_proj",1914,-16.9461043742873
"smithge01_proj","smithge01_proj",1884,-11.1379264870858
"smithja03_proj","smithja03_proj",1915,-24.1455074040028
"smithlo01_proj","smithlo01_proj",1978,21.3233010208436
"smithoz01_proj","smithoz01_proj",1978,62.389127790445
"smithre02_proj","smithre02_proj",1911,5.23637379938082
"smithre06_proj","smithre06_proj",1966,41.8134635257797
"smithse01_proj","smithse01_proj",2007,14.8206399054738
"smoakju01_proj","smoakju01_proj",2010,12.6348647382999
"snidedu01_proj","snidedu01_proj",1947,33.4602106752755
"snodgfr01_proj","snodgfr01_proj",1908,-7.93516780051241
"snydeco02_proj","snydeco02_proj",1986,-10.6731287761943
"snydefr01_proj","snydefr01_proj",1912,-24.5813335177109
"snyderu01_proj","snyderu01_proj",1959,-11.67550488731
"soltemo01_proj","soltemo01_proj",1934,-8.59025191158917
"soriaal01_proj","soriaal01_proj",1999,31.7494851781389
"sorrepa01_proj","sorrepa01_proj",1989,-3.68083732784822
"sosasa01_proj","sosasa01_proj",1989,48.7003074732609
"southbi01_proj","southbi01_proj",1915,-8.31307658873344
"spande01_proj","spande01_proj",2008,32.3280499152376
"speaktr01_proj","speaktr01_proj",1907,85.7257540563633
"speiech01_proj","speiech01_proj",1971,5.21908504660214
"spencda01_proj","spencda01_proj",1952,-1.25131247052206
"spencji01_proj","spencji01_proj",1968,-18.0023309202253
"spencst01_proj","spencst01_proj",1940,4.60233859588059
"spierbi01_proj","spierbi01_proj",1989,4.7223072546765
"spiezsc01_proj","spiezsc01_proj",1996,9.02830090438628
"spraged02_proj","spraged02_proj",1991,0.54889486752133
"stahlch01_proj","stahlch01_proj",1897,2.46848323401331
"stahlja01_proj","stahlja01_proj",1903,-4.32163098620672
"stairma01_proj","stairma01_proj",1992,9.92887779644879
"stanaos01_proj","stanaos01_proj",1909,-28.7324113640235
"stanked01_proj","stanked01_proj",1943,20.1360019262697
"stanlmi01_proj","stanlmi01_proj",1964,-2.62614547427086
"stanlmi02_proj","stanlmi02_proj",1986,10.178695993025
"stantmi03_proj","stantmi03_proj",2010,47.4094359425675
"stargwi01_proj","stargwi01_proj",1962,26.2940983845835
"staubru01_proj","staubru01_proj",1963,11.5509359608732
"steinha01_proj","steinha01_proj",1898,-8.7716437796425
"steinte01_proj","steinte01_proj",1986,22.7797103886874
"stengca01_proj","stengca01_proj",1912,-15.3584774867967
"stennre01_proj","stennre01_proj",1971,0.46324293104497
"stenzja01_proj","stenzja01_proj",1890,-5.3344695916076
"stephri01_proj","stephri01_proj",1921,0.578159233348542
"stephve01_proj","stephve01_proj",1941,16.9183534544471
"stevele01_proj","stevele01_proj",1990,-3.78147084455292
"stewash01_proj","stewash01_proj",1995,21.9005523651904
"stillku01_proj","stillku01_proj",1986,-6.64685561322093
"stirnsn01_proj","stirnsn01_proj",1943,10.189695822126
"stockmi01_proj","stockmi01_proj",1913,-10.3622079278312
"stonege01_proj","stonege01_proj",1905,8.49915838932737
"stonejo01_proj","stonejo01_proj",1928,-0.0203449634598225
"stovage01_proj","stovage01_proj",1904,-17.2352326395308
"strawda01_proj","strawda01_proj",1983,30.9613567941405
"stripjo01_proj","stripjo01_proj",1928,-9.48659313678889
"strunam01_proj","strunam01_proj",1908,-17.6492890784255
"stuardi01_proj","stuardi01_proj",1958,-4.75772557924628
"suderpe01_proj","suderpe01_proj",1941,-24.5589690949527
"suhrgu01_proj","suhrgu01_proj",1930,-1.17669331612901
"sullibi03_proj","sullibi03_proj",1899,-32.6873595039679
"summaho01_proj","summaho01_proj",1920,-21.6860399988835
"sundbji01_proj","sundbji01_proj",1974,26.4583782230012
"suthega01_proj","suthega01_proj",1966,-28.5597510357896
"suttoez01_proj","suttoez01_proj",1880,9.78031946390456
"suzukic01_proj","suzukic01_proj",2001,61.9381383728386
"suzukku01_proj","suzukku01_proj",2007,25.649752840126
"sweenbi02_proj","sweenbi02_proj",1907,-8.29980122850675
"sweenmi01_proj","sweenmi01_proj",1995,23.6070597411269
"swishni01_proj","swishni01_proj",2004,27.3274018665088
"tablepa01_proj","tablepa01_proj",1981,-11.8440008040944
"taborji01_proj","taborji01_proj",1938,-6.97454233005952
"tannele01_proj","tannele01_proj",1903,-6.56260138776939
"tartada01_proj","tartada01_proj",1984,13.303881780418
"tatisfe01_proj","tatisfe01_proj",1997,7.29596864033393
"taverfr01_proj","taverfr01_proj",1972,-12.8860008369192
"tayloto02_proj","tayloto02_proj",1958,-7.29844659601035
"tebbebi01_proj","tebbebi01_proj",1936,-22.459127163092
"tebeapa01_proj","tebeapa01_proj",1887,-22.7718712733999
"teixema01_proj","teixema01_proj",2003,57.5102399745484
"tejadmi01_proj","tejadmi01_proj",1997,47.6965828062983
"templga01_proj","templga01_proj",1976,11.7441398883267
"templjo01_proj","templjo01_proj",1952,-1.26490436482462
"tenacge01_proj","tenacge01_proj",1969,28.0123195526086
"tennefr02_proj","tennefr02_proj",1894,-5.15110162993049
"terrybi01_proj","terrybi01_proj",1923,19.5191185884592
"tettlmi01_proj","tettlmi01_proj",1984,23.2599153282631
"teufeti01_proj","teufeti01_proj",1983,8.70668796608707
"theriry01_proj","theriry01_proj",2005,9.27025562085911
"theveto01_proj","theveto01_proj",1924,-36.0125450899959
"thomade01_proj","thomade01_proj",1971,-15.2747339422613
"thomafr03_proj","thomafr03_proj",1951,-4.80624440161421
"thomafr04_proj","thomafr04_proj",1990,66.5713949592631
"thomago01_proj","thomago01_proj",1974,7.01801553486612
"thomale03_proj","thomale03_proj",1961,-10.2647816200593
"thomaro01_proj","thomaro01_proj",1899,6.3221144845998
"thomeji01_proj","thomeji01_proj",1991,60.7053766115615
"thompha02_proj","thompha02_proj",1947,9.48350310761106
"thompja01_proj","thompja01_proj",1976,15.248448370407
"thompmi02_proj","thompmi02_proj",1984,9.51891467099181
"thompro01_proj","thompro01_proj",1986,28.8668344060823
"thompsa01_proj","thompsa01_proj",1885,13.6364986945577
"thomsbo01_proj","thomsbo01_proj",1946,10.3360941834104
"thondi01_proj","thondi01_proj",1979,13.1723984200403
"thornan01_proj","thornan01_proj",1973,9.9200242333929
"tiernmi01_proj","tiernmi01_proj",1887,10.8163883616821
"tinkejo01_proj","tinkejo01_proj",1902,14.4204232604583
"titusjo01_proj","titusjo01_proj",1903,-1.99449016065439
"tobinja01_proj","tobinja01_proj",1916,-8.60208381925022
"todtph01_proj","todtph01_proj",1924,-15.6429216040852
"tolanbo01_proj","tolanbo01_proj",1965,-8.98526128742644
"torgeea01_proj","torgeea01_proj",1947,7.15989290065634
"torrejo01_proj","torrejo01_proj",1961,33.1888541388099
"tovarce01_proj","tovarce01_proj",1965,10.8562011221644
"trammal01_proj","trammal01_proj",1977,54.8575855759346
"travice01_proj","travice01_proj",1933,2.74292679891133
"traynpi01_proj","traynpi01_proj",1920,-10.0450674534014
"treshmi01_proj","treshmi01_proj",1938,-25.4191348115232
"treshto01_proj","treshto01_proj",1961,10.1241458406665
"triangu01_proj","triangu01_proj",1953,-1.4998840038396
"trillma01_proj","trillma01_proj",1973,-6.68383436432061
"troskha01_proj","troskha01_proj",1933,7.27508048441136
"troutmi01_proj","troutmi01_proj",2011,74.187202669948
"trumbma01_proj","trumbma01_proj",2010,14.001560187123
"tuckemi01_proj","tuckemi01_proj",1995,7.54266421080982
"tucketo01_proj","tucketo01_proj",1890,-14.2225021613163
"tulowtr01_proj","tulowtr01_proj",2006,48.9008877852521
"turneju01_proj","turneju01_proj",2009,32.9624189980492
"turnete01_proj","turnete01_proj",1901,-11.3992657106071
"tuttlbi01_proj","tuttlbi01_proj",1952,-12.3357685995641
"ugglada01_proj","ugglada01_proj",2006,23.0251190819123
"unserde01_proj","unserde01_proj",1968,-4.05989655886778
"upshawi01_proj","upshawi01_proj",1978,4.44946102682271
"uptonbj01_proj","uptonbj01_proj",2004,22.9472202029017
"uptonju01_proj","uptonju01_proj",2007,40.5221635432137
"urbanbi01_proj","urbanbi01_proj",1931,-5.55622864378009
"uribejo01_proj","uribejo01_proj",1984,0.269753503089865
"uribeju01_proj","uribeju01_proj",2001,27.3980601533444
"utleych01_proj","utleych01_proj",2003,69.8288574527503
"valbulu01_proj","valbulu01_proj",2008,12.6939867406721
"valenel01_proj","valenel01_proj",1975,4.33592807647974
"valenjo02_proj","valenjo02_proj",1992,32.0829437305143
"valenjo03_proj","valenjo03_proj",1992,29.8748800330212
"valoel01_proj","valoel01_proj",1940,-13.0550119984794
"vanhage01_proj","vanhage01_proj",1887,-2.32366621079511
"vanslan01_proj","vanslan01_proj",1983,34.7860811907595
"varitja01_proj","varitja01_proj",1998,25.5420916116407
"vaughar01_proj","vaughar01_proj",1932,45.3163979965123
"vaughgr01_proj","vaughgr01_proj",1989,27.349727884944
"vaughmo01_proj","vaughmo01_proj",1991,21.6158996098813
"veachbo01_proj","veachbo01_proj",1912,16.5994175895205
"velarra01_proj","velarra01_proj",1987,17.500257129257
"venturo01_proj","venturo01_proj",1989,52.0111391692039
"vernomi01_proj","vernomi01_proj",1939,-1.80817708022283
"versazo01_proj","versazo01_proj",1959,-5.0534974720378
"victosh01_proj","victosh01_proj",2003,35.0252796547644
"vidrojo01_proj","vidrojo01_proj",1997,16.7085789804639
"vinafe01_proj","vinafe01_proj",1993,11.6456177125407
"virdobi01_proj","virdobi01_proj",1955,1.54420620640166
"vittos01_proj","vittos01_proj",1912,-11.4762069431282
"vizcajo01_proj","vizcajo01_proj",1989,-2.87101761222067
"vizquom01_proj","vizquom01_proj",1989,33.0115445217195
"vosmijo01_proj","vosmijo01_proj",1930,-9.40917983592237
"vottojo01_proj","vottojo01_proj",2007,66.9176398506367
"wagnehe01_proj","wagnehe01_proj",1902,-15.7709200041374
"wagneho01_proj","wagneho01_proj",1897,88.5891313071188
"wagnele01_proj","wagnele01_proj",1958,-5.97868894794426
"waitked01_proj","waitked01_proj",1941,-7.79715834608757
"walkecu01_proj","walkecu01_proj",1920,-4.27216959357035
"walkedi02_proj","walkedi02_proj",1931,3.0926971813994
"walkege02_proj","walkege02_proj",1931,-11.8495129213307
"walkela01_proj","walkela01_proj",1989,68.6121520663338
"walkene01_proj","walkene01_proj",2009,27.1196672249398
"walketi01_proj","walketi01_proj",1911,-5.5075726930088
"walketo04_proj","walketo04_proj",1996,10.5266038756246
"wallabo01_proj","wallabo01_proj",1894,8.92433294226323
"wallati01_proj","wallati01_proj",1980,27.8040232319045
"wambsbi01_proj","wambsbi01_proj",1914,-27.5141731200088
"wanerll01_proj","wanerll01_proj",1927,-20.0689899286888
"wanerpa01_proj","wanerpa01_proj",1926,29.7560860183459
"wardaa01_proj","wardaa01_proj",1917,-16.6732972538984
"wardga01_proj","wardga01_proj",1979,4.68080819709892
"wardjo01_proj","wardjo01_proj",1880,0.810134064346115
"wardpe01_proj","wardpe01_proj",1962,8.56327296064097
"warnejo01_proj","warnejo01_proj",1895,-28.8374506316452
"warstra01_proj","warstra01_proj",1930,-23.8938087511736
"washicl01_proj","washicl01_proj",1974,0.930669028068987
"watkige01_proj","watkige01_proj",1930,-6.68449529361349
"watsobo01_proj","watsobo01_proj",1967,-2.31076172083861
"weavebu01_proj","weavebu01_proj",1912,0.802434104942023
"webstmi01_proj","webstmi01_proj",1983,-0.484165752846588
"weeksri01_proj","weeksri01_proj",2003,16.3270481979833
"weisswa01_proj","weisswa01_proj",1987,8.61458538630407
"wellsve01_proj","wellsve01_proj",1999,32.0851858789557
"werbebi01_proj","werbebi01_proj",1930,1.2219394576114
"wertdo01_proj","wertdo01_proj",1963,-0.68894068814378
"werthja01_proj","werthja01_proj",2002,33.1730664185633
"wertzvi01_proj","wertzvi01_proj",1947,-4.16399746270881
"westlwa01_proj","westlwa01_proj",1947,-1.20237986203749
"westsa01_proj","westsa01_proj",1927,-13.3192726551554
"wheatza01_proj","wheatza01_proj",1909,12.9782476504811
"whitalo01_proj","whitalo01_proj",1977,62.1143290210734
"whitebi03_proj","whitebi03_proj",1956,20.5526912142337
"whitebu01_proj","whitebu01_proj",1933,-14.7357719140786
"whitede01_proj","whitede01_proj",1880,1.52127131640064
"whitede03_proj","whitede03_proj",1985,41.6794760434024
"whitefr01_proj","whitefr01_proj",1973,12.1575834296676
"whitero01_proj","whitero01_proj",1965,29.4821979885432
"whitero02_proj","whitero02_proj",1993,28.2417964454009
"whitesa02_proj","whitesa02_proj",1951,-12.9090077223805
"whitnpi01_proj","whitnpi01_proj",1928,-9.08521708373626
"whitter01_proj","whitter01_proj",1976,5.11601952940282
"whittpo01_proj","whittpo01_proj",1912,-16.1138940124053
"wietema01_proj","wietema01_proj",2009,25.4407958352634
"wiggity01_proj","wiggity01_proj",2002,6.65614142587069
"wilkebr01_proj","wilkebr01_proj",2001,13.2667698277576
"willibe02_proj","willibe02_proj",1991,45.4794500963753
"willibi01_proj","willibi01_proj",1959,36.5831043710676
"willicy01_proj","willicy01_proj",1912,-14.3045666907574
"williea02_proj","williea02_proj",1970,-3.22456294991728
"willige02_proj","willige02_proj",1992,-0.790265193988764
"williji01_proj","williji01_proj",1899,2.19566598050585
"willijo03_proj","willijo03_proj",2004,21.8834157670047
"willike01_proj","willike01_proj",1915,12.265120517103
"willima04_proj","willima04_proj",1987,41.2858969634832
"willine01_proj","willine01_proj",1880,18.1128208618074
"willite01_proj","willite01_proj",1939,88.4800909824092
"willsbu01_proj","willsbu01_proj",1977,12.098659658754
"willsma01_proj","willsma01_proj",1959,19.4308010949884
"wilmowa01_proj","wilmowa01_proj",1888,-10.8618600747358
"wilsoch01_proj","wilsoch01_proj",1908,-8.56699794503481
"wilsoda01_proj","wilsoda01_proj",1992,7.96019826052649
"wilsogl01_proj","wilsogl01_proj",1982,2.89340751351563
"wilsoha01_proj","wilsoha01_proj",1923,11.7356669271129
"wilsoja02_proj","wilsoja02_proj",2001,27.577080285609
"wilsoji01_proj","wilsoji01_proj",1923,-32.2405217897977
"wilsomo01_proj","wilsomo01_proj",1980,12.0556357718914
"wilsopr01_proj","wilsopr01_proj",1998,8.19421332440706
"wilsowi02_proj","wilsowi02_proj",1976,33.05923492587
"winebo01_proj","winebo01_proj",1960,-23.6114288238942
"winfida01_proj","winfida01_proj",1973,47.1542601062488
"wingoiv01_proj","wingoiv01_proj",1911,-23.1027807227452
"winnra01_proj","winnra01_proj",1998,29.1735728166995
"wisesa01_proj","wisesa01_proj",1881,-3.01512040374269
"wittwh01_proj","wittwh01_proj",1916,-13.4145057658579
"wohlfji01_proj","wohlfji01_proj",1972,-16.532949366498
"wolveha01_proj","wolveha01_proj",1898,-13.1693503610058
"womacto01_proj","womacto01_proj",1993,-1.39455905877259
"woodge01_proj","woodge01_proj",1880,-5.66969631697105
"woodlge01_proj","woodlge01_proj",1943,3.32851367649947
"wrighda03_proj","wrighda03_proj",2004,55.0268228821957
"wrighgl01_proj","wrighgl01_proj",1924,1.31687122397811
"wrighta01_proj","wrighta01_proj",1938,-3.05452567673327
"wynegbu01_proj","wynegbu01_proj",1976,12.9944514698803
"wynnji01_proj","wynnji01_proj",1963,33.8369235827227
"wyrosjo01_proj","wyrosjo01_proj",1942,-8.82347894958109
"yastrca01_proj","yastrca01_proj",1961,65.2467384942909
"yeagest01_proj","yeagest01_proj",1972,0.0498058561386256
"yelicch01_proj","yelicch01_proj",2013,38.8261044028426
"yorkru01_proj","yorkru01_proj",1934,7.2300798186089
"yosted01_proj","yosted01_proj",1944,-1.2323843845877
"youklke01_proj","youklke01_proj",2004,35.6816525944198
"youngch04_proj","youngch04_proj",2006,20.6153396827126
"youngde03_proj","youngde03_proj",2006,5.78566597937654
"youngdm01_proj","youngdm01_proj",1996,12.2457136988413
"younger01_proj","younger01_proj",1992,15.5590338870705
"youngjo02_proj","youngjo02_proj",1976,-8.07290467601974
"youngke01_proj","youngke01_proj",1992,-7.49421767877028
"youngmi02_proj","youngmi02_proj",2000,28.8628086645101
"youngra01_proj","youngra01_proj",1913,-20.6776181020997
"youngro01_proj","youngro01_proj",1917,8.31838784183452
"yountro01_proj","yountro01_proj",1974,61.2685185458458
"zarilal01_proj","zarilal01_proj",1943,-13.725635313522
"zaungr01_proj","zaungr01_proj",1995,10.6769515881088
"zeileto01_proj","zeileto01_proj",1989,13.0038658118675
"zernigu01_proj","zernigu01_proj",1949,-10.5809159686863
"zimmech01_proj","zimmech01_proj",1884,-12.1619172485687
"zimmedo01_proj","zimmedo01_proj",1954,-15.0245654892674
"zimmehe01_proj","zimmehe01_proj",1907,-2.27148285289662
"zimmery01_proj","zimmery01_proj",2005,44.8568925970987
"ziskri01_proj","ziskri01_proj",1971,9.94567651777833
"zobribe01_proj","zobribe01_proj",2006,50.0078636064874
