"","name","rookie_year","WAR_total"
"aasedo01_proj","aasedo01_proj",1977,10.9121315702693
"abbotgl01_proj","abbotgl01_proj",1973,6.73100129071557
"abbotji01_proj","abbotji01_proj",1989,15.0516394696431
"abernte02_proj","abernte02_proj",1955,5.59183656104905
"adamsba01_proj","adamsba01_proj",1906,-14.1507468547887
"aguilri01_proj","aguilri01_proj",1985,17.6819458728032
"aguirha01_proj","aguirha01_proj",1955,10.7499410553963
"aldrivi01_proj","aldrivi01_proj",1917,-10.3181969792429
"alexado01_proj","alexado01_proj",1971,32.2368141941426
"alexape01_proj","alexape01_proj",1911,8.07029367959275
"allenjo02_proj","allenjo02_proj",1932,-0.643506999063205
"altroni01_proj","altroni01_proj",1898,-59.1260289153877
"alvarwi01_proj","alvarwi01_proj",1991,24.4103723992174
"amesre01_proj","amesre01_proj",1903,-36.1514012330557
"anderbr02_proj","anderbr02_proj",1993,11.0695723359002
"andreiv01_proj","andreiv01_proj",1931,2.64525329882273
"andujjo01_proj","andujjo01_proj",1976,17.1195968455625
"antonjo02_proj","antonjo02_proj",1948,19.8449719912507
"appieke01_proj","appieke01_proj",1989,53.4654001536879
"applepe01_proj","applepe01_proj",1927,-24.6588237852866
"archech01_proj","archech01_proj",2012,16.1784591221778
"arrieja01_proj","arrieja01_proj",2010,25.9446679366321
"arroybr01_proj","arroybr01_proj",2000,25.3492950579511
"ashbyan01_proj","ashbyan01_proj",1991,19.1364474030735
"astacpe01_proj","astacpe01_proj",1992,28.5509917455784
"aukerel01_proj","aukerel01_proj",1933,-7.93660698115462
"averyst01_proj","averyst01_proj",1990,9.91616047640692
"ayersdo01_proj","ayersdo01_proj",1913,-11.3089841271223
"bagbyji01_proj","bagbyji01_proj",1912,-3.53682840356172
"bagbyji02_proj","bagbyji02_proj",1938,-19.0540350975718
"bahnsst01_proj","bahnsst01_proj",1966,20.1427264849727
"baileho02_proj","baileho02_proj",2007,2.94461321604119
"bakersc02_proj","bakersc02_proj",2005,16.0863234273927
"baldwja01_proj","baldwja01_proj",1995,9.16023008463119
"baldwma01_proj","baldwma01_proj",1887,-2.90975767079884
"bannifl01_proj","bannifl01_proj",1977,25.1487217249881
"barbest01_proj","barbest01_proj",1960,12.2448256906839
"barkele01_proj","barkele01_proj",1976,13.1086667882857
"barneje01_proj","barneje01_proj",1915,-13.2766937270468
"barnevi01_proj","barnevi01_proj",1919,-18.8959119680805
"barrere01_proj","barrere01_proj",1937,-19.5744762177382
"barrji01_proj","barrji01_proj",1971,24.5629421538044
"batismi01_proj","batismi01_proj",1992,14.4442119421997
"bauertr01_proj","bauertr01_proj",2012,18.9718172282092
"beattji01_proj","beattji01_proj",1978,17.1102314495466
"beckbo01_proj","beckbo01_proj",1924,-29.8443468803932
"beckejo02_proj","beckejo02_proj",2001,36.8020053177587
"bedarer01_proj","bedarer01_proj",2002,17.2142512841256
"bedrost01_proj","bedrost01_proj",1981,12.8048795602258
"beebefr01_proj","beebefr01_proj",1906,-25.390068492272
"belchti01_proj","belchti01_proj",1987,24.1695660234749
"bellga01_proj","bellga01_proj",1958,2.45719431271231
"bellge01_proj","bellge01_proj",1907,-7.72455200690232
"bendech01_proj","bendech01_proj",1903,-10.1894099906016
"benesan01_proj","benesan01_proj",1989,31.5610806111995
"bengera01_proj","bengera01_proj",1925,-16.0297244928736
"benoijo01_proj","benoijo01_proj",2001,18.890609778636
"bensokr01_proj","bensokr01_proj",1999,15.2229266238646
"bentoal01_proj","bentoal01_proj",1934,-8.63501961979928
"bentola01_proj","bentola01_proj",1923,-22.3085877266338
"bentoru01_proj","bentoru01_proj",1910,-35.6027422400013
"benzjo01_proj","benzjo01_proj",1911,-12.0933236592367
"bereja01_proj","bereja01_proj",1993,1.52649732489846
"berenju01_proj","berenju01_proj",1978,9.28106187512186
"bernhbi01_proj","bernhbi01_proj",1899,-27.7806648167294
"bettshu01_proj","bettshu01_proj",1920,-19.5984590553612
"bibbyji01_proj","bibbyji01_proj",1972,18.8465323976692
"bickfve01_proj","bickfve01_proj",1948,1.12475636774365
"bielemi01_proj","bielemi01_proj",1984,6.32256920388761
"billich01_proj","billich01_proj",2006,17.8411311435389
"billija01_proj","billija01_proj",1968,10.6606995599265
"birddo01_proj","birddo01_proj",1973,11.2758233384406
"blackbu02_proj","blackbu02_proj",1981,17.0472514299203
"blackew01_proj","blackew01_proj",1942,0.836792925924492
"blaehge01_proj","blaehge01_proj",1925,-1.59071782177478
"blairwi01_proj","blairwi01_proj",1990,-0.448500782453524
"blakesh01_proj","blakesh01_proj",1920,-21.2286755419686
"blankte01_proj","blankte01_proj",1922,-14.5933632631311
"blantcy01_proj","blantcy01_proj",1934,-2.80689612397835
"blantjo01_proj","blantjo01_proj",2004,7.9325971501796
"blassst01_proj","blassst01_proj",1964,8.55102004571686
"bluevi01_proj","bluevi01_proj",1969,36.5785923826725
"blylebe01_proj","blylebe01_proj",1970,82.6274147259089
"boddimi01_proj","boddimi01_proj",1980,28.6338360990031
"bohanbr01_proj","bohanbr01_proj",1990,4.46465723450138
"bolanbe01_proj","bolanbe01_proj",1915,-8.40831862614195
"bolinbo01_proj","bolinbo01_proj",1961,13.9818865211909
"bondeje01_proj","bondeje01_proj",2003,5.67461065368395
"bonesri01_proj","bonesri01_proj",1991,7.22138171263538
"bonhabi01_proj","bonhabi01_proj",1971,15.302236147717
"bonhati01_proj","bonhati01_proj",1940,4.68154796869861
"borbope01_proj","borbope01_proj",1969,1.0178099352293
"borowha01_proj","borowha01_proj",1942,-8.2250872058456
"bosioch01_proj","bosioch01_proj",1986,21.9953569323199
"bosmadi01_proj","bosmadi01_proj",1966,5.46111117601402
"bosweda01_proj","bosweda01_proj",1964,3.62401275521148
"boutoji01_proj","boutoji01_proj",1962,0.94189621072616
"bowmajo01_proj","bowmajo01_proj",1932,-28.7209161191954
"boydoi01_proj","boydoi01_proj",1982,15.591680804245
"boylehe01_proj","boylehe01_proj",1885,4.03016240826082
"bradlto01_proj","bradlto01_proj",1969,5.66087391909887
"brancra01_proj","brancra01_proj",1944,-5.14178949423649
"branded01_proj","branded01_proj",1928,-1.30476531278212
"brazlal01_proj","brazlal01_proj",1943,7.76827011333801
"brechha01_proj","brechha01_proj",1940,18.3065991852972
"breitte01_proj","breitte01_proj",1892,2.14996971673146
"brettke01_proj","brettke01_proj",1967,10.2417508617727
"breweji01_proj","breweji01_proj",1960,13.4209320101677
"breweto01_proj","breweto01_proj",1954,6.67108967799731
"bridgto01_proj","bridgto01_proj",1930,17.0826551527989
"brilene01_proj","brilene01_proj",1965,15.9355579097076
"brogler01_proj","brogler01_proj",1959,20.2555294675637
"brownbu01_proj","brownbu01_proj",1905,-25.677673660599
"browncl01_proj","browncl01_proj",1928,-23.639619265962
"brownha01_proj","brownha01_proj",1951,-2.48260602904826
"brownke01_proj","brownke01_proj",1986,61.3633759663311
"brownll01_proj","brownll01_proj",1925,-7.30653107482208
"brownma01_proj","brownma01_proj",1935,-3.98781997035022
"brownmo01_proj","brownmo01_proj",1903,7.48524562763777
"brownto05_proj","brownto05_proj",1984,17.9396348713718
"brucebo01_proj","brucebo01_proj",1959,6.10499881873022
"brunege01_proj","brunege01_proj",1956,-2.95016052693545
"buchhcl01_proj","buchhcl01_proj",2007,17.8343866429528
"buehrma01_proj","buehrma01_proj",2000,63.6470821743814
"buffich01_proj","buffich01_proj",1882,4.10587605504529
"buhlbo01_proj","buhlbo01_proj",1953,24.2393731718215
"bumgama01_proj","bumgama01_proj",2009,38.405242897857
"bunkewa01_proj","bunkewa01_proj",1963,0.516140817203628
"bunniji01_proj","bunniji01_proj",1955,45.5172224038165
"burbada01_proj","burbada01_proj",1990,16.2114920321679
"burdele01_proj","burdele01_proj",1950,12.5321900233726
"burgmto01_proj","burgmto01_proj",1968,14.847657281084
"burkejo03_proj","burkejo03_proj",1987,21.2496646158342
"burnsbr01_proj","burnsbr01_proj",1978,18.7986015766987
"burrira01_proj","burrira01_proj",1973,16.6253556267228
"busbyst01_proj","busbyst01_proj",1972,12.887799655649
"bushda01_proj","bushda01_proj",2004,3.15915260335221
"bushgu01_proj","bushgu01_proj",1923,-24.5272779682618
"bushjo01_proj","bushjo01_proj",1912,-25.1140720011927
"butchma01_proj","butchma01_proj",1936,1.47186696283837
"buzhajo01_proj","buzhajo01_proj",1958,-2.80717573684828
"byrdpa01_proj","byrdpa01_proj",1995,15.1197358531543
"byrneto01_proj","byrneto01_proj",1943,-23.9517100064535
"cadorle01_proj","cadorle01_proj",1915,-18.186923216293
"cahiltr01_proj","cahiltr01_proj",2009,11.7906566897857
"cainma01_proj","cainma01_proj",2005,29.4138731791439
"caldwmi01_proj","caldwmi01_proj",1971,18.9154386398962
"caldwra02_proj","caldwra02_proj",1910,-4.96177702878091
"callani01_proj","callani01_proj",1894,-20.0530834177482
"camniho01_proj","camniho01_proj",1904,-14.7352381757341
"campbbi02_proj","campbbi02_proj",1973,11.287935927955
"candejo01_proj","candejo01_proj",1975,31.5644491173906
"candito01_proj","candito01_proj",1983,39.6470229421989
"cantwbe01_proj","cantwbe01_proj",1927,-17.6197554509579
"capuach01_proj","capuach01_proj",2003,8.3515685922199
"cardwdo01_proj","cardwdo01_proj",1957,17.1837010856879
"carlete01_proj","carlete01_proj",1932,-0.0273572022068835
"carlsha01_proj","carlsha01_proj",1917,-16.6494997416092
"carltst01_proj","carltst01_proj",1965,76.9872073826482
"carmofa01_proj","carmofa01_proj",2006,4.85657148554469
"carpech01_proj","carpech01_proj",1997,36.4617676405717
"carraca01_proj","carraca01_proj",2009,23.6183160218868
"carribi01_proj","carribi01_proj",1898,-12.9132117530779
"carrocl02_proj","carrocl02_proj",1964,16.377929945203
"carroow01_proj","carroow01_proj",1925,-19.5053963284361
"carseki01_proj","carseki01_proj",1892,-25.8404104924306
"caseyda01_proj","caseyda01_proj",1885,5.36921423878436
"cashnan01_proj","cashnan01_proj",2010,10.7367657788071
"castege01_proj","castege01_proj",1934,-16.0746136430951
"castifr01_proj","castifr01_proj",1991,7.17416398920578
"chacijh01_proj","chacijh01_proj",2009,17.0823627788444
"chancde01_proj","chancde01_proj",1961,28.4893999539601
"chandsp01_proj","chandsp01_proj",1937,-4.29064732078251
"chaseke01_proj","chaseke01_proj",1936,-15.91264900376
"chenbr01_proj","chenbr01_proj",1998,11.0981158438867
"chenela01_proj","chenela01_proj",1911,-11.960541213892
"chenwe02_proj","chenwe02_proj",2012,2.87730028539015
"chesbja01_proj","chesbja01_proj",1899,-1.27722487013165
"chrisla01_proj","chrisla01_proj",1973,9.63849200958735
"cicoted01_proj","cicoted01_proj",1905,9.82105523418316
"clancji01_proj","clancji01_proj",1977,14.7489385975796
"clarkjo01_proj","clarkjo01_proj",1882,26.327680927456
"clarkma01_proj","clarkma01_proj",1991,7.83528066245704
"clarkwa02_proj","clarkwa02_proj",1924,-7.76716411130497
"clemema01_proj","clemema01_proj",1998,13.2320852152569
"clemero02_proj","clemero02_proj",1984,129.505558344271
"clevere01_proj","clevere01_proj",1969,7.82986781281542
"clonito01_proj","clonito01_proj",1961,3.65221896815216
"coaklan01_proj","coaklan01_proj",1902,-27.6976047918923
"coffmdi01_proj","coffmdi01_proj",1927,-38.5387799121019
"colboji01_proj","colboji01_proj",1969,13.3420913073133
"colege01_proj","colege01_proj",2013,26.2652533691323
"colemjo04_proj","colemjo04_proj",1942,-26.9581445765034
"colemjo05_proj","colemjo05_proj",1965,16.314990913047
"colliph01_proj","colliph01_proj",1923,-6.33279722378142
"collira01_proj","collira01_proj",1909,-1.99885581149482
"colliri01_proj","colliri01_proj",1920,-12.6707136830216
"colonba01_proj","colonba01_proj",1997,47.3977602712235
"coneda01_proj","coneda01_proj",1986,60.3733118210525
"conlege01_proj","conlege01_proj",1952,5.09020963119934
"contrjo01_proj","contrjo01_proj",2003,13.5069188674377
"conwape01_proj","conwape01_proj",1885,-11.7685466899163
"cookaa01_proj","cookaa01_proj",2002,16.6021674489845
"cookde01_proj","cookde01_proj",1988,8.06796392139515
"coombja01_proj","coombja01_proj",1906,-33.0161798046893
"coopemo01_proj","coopemo01_proj",1938,12.6540718230275
"coopewi01_proj","coopewi01_proj",1912,4.1844554023278
"corbipa01_proj","corbipa01_proj",2012,18.1588324604853
"corcola01_proj","corcola01_proj",1880,-8.53620605493686
"cormirh01_proj","cormirh01_proj",1991,8.42281297994174
"correke01_proj","correke01_proj",2003,4.98396187592323
"corrifr01_proj","corrifr01_proj",1904,-12.3583945011623
"covelha01_proj","covelha01_proj",1907,-22.1406560299177
"covelst01_proj","covelst01_proj",1912,18.9261316198841
"coxda01_proj","coxda01_proj",1983,9.39162630393351
"craigro01_proj","craigro01_proj",1955,14.5917535558207
"cranddo01_proj","cranddo01_proj",1908,-28.1949780397179
"crowdal01_proj","crowdal01_proj",1926,2.92513538963118
"cuellmi01_proj","cuellmi01_proj",1959,23.035564020864
"cuetojo01_proj","cuetojo01_proj",2008,38.6309296723945
"culpra01_proj","culpra01_proj",1963,14.0469111850541
"cunnibe01_proj","cunnibe01_proj",1895,-11.1593004285102
"cuppyni01_proj","cuppyni01_proj",1892,-11.0538567186818
"curtijo01_proj","curtijo01_proj",1970,6.9767360870007
"daalom01_proj","daalom01_proj",1993,7.02845792905165
"danfoda01_proj","danfoda01_proj",1911,-18.1007237735969
"danksjo01_proj","danksjo01_proj",2007,21.5125202490411
"darliro01_proj","darliro01_proj",1983,15.2195295624459
"darviyu01_proj","darviyu01_proj",2012,26.2014024322506
"darwida01_proj","darwida01_proj",1978,33.1635970053404
"daussho01_proj","daussho01_proj",1912,-2.78087976368268
"daviscu01_proj","daviscu01_proj",1934,5.14542225397548
"davisdi01_proj","davisdi01_proj",1912,-19.5103094380123
"davisdo02_proj","davisdo02_proj",1999,22.5301861092174
"davisma01_proj","davisma01_proj",1980,7.30099160632505
"davisst02_proj","davisst02_proj",1982,15.30418060127
"deandi01_proj","deandi01_proj",1930,8.29002587506805
"degroja01_proj","degroja01_proj",2014,35.2662383375839
"deleojo01_proj","deleojo01_proj",1983,14.6401755856824
"delocik01_proj","delocik01_proj",1952,-7.95922492212313
"demaral01_proj","demaral01_proj",1912,-23.1155685765791
"dempsry01_proj","dempsry01_proj",1998,22.0690663688349
"dennyjo01_proj","dennyjo01_proj",1974,29.3743515723595
"derripa01_proj","derripa01_proj",1931,13.5510300148747
"deshaji01_proj","deshaji01_proj",1984,11.7135030655543
"desseel01_proj","desseel01_proj",1996,10.7855318908967
"dicksmu01_proj","dicksmu01_proj",1939,17.9032956889423
"dierkla01_proj","dierkla01_proj",1964,29.1094402671372
"dietrbi01_proj","dietrbi01_proj",1933,-38.3633511107011
"dinnebi01_proj","dinnebi01_proj",1898,-21.2517224733426
"ditmaar01_proj","ditmaar01_proj",1954,-14.553413541738
"doakbi01_proj","doakbi01_proj",1912,-20.4508587236115
"dobsoch01_proj","dobsoch01_proj",1966,2.231952993573
"dobsojo01_proj","dobsojo01_proj",1939,1.29732108107973
"dobsopa01_proj","dobsopa01_proj",1967,14.5482020335683
"dohened01_proj","dohened01_proj",1895,-40.9858422948176
"donahre01_proj","donahre01_proj",1893,-23.8433851852632
"donohpe01_proj","donohpe01_proj",1921,-28.9146801353997
"donovbi01_proj","donovbi01_proj",1898,-29.5209990561413
"donovdi01_proj","donovdi01_proj",1950,-9.00285609406777
"dotsori01_proj","dotsori01_proj",1979,11.795529558745
"douglph01_proj","douglph01_proj",1912,-15.0228834958783
"downial01_proj","downial01_proj",1961,15.8283763053979
"drabedo01_proj","drabedo01_proj",1986,25.4467834792
"drabomo01_proj","drabomo01_proj",1956,12.492833724477
"dragodi01_proj","dragodi01_proj",1969,16.8754819055598
"draveda01_proj","draveda01_proj",1982,12.5637065260077
"drysddo01_proj","drysddo01_proj",1956,58.144741069834
"dubucje01_proj","dubucje01_proj",1908,-20.0730976104677
"duffyda01_proj","duffyda01_proj",2011,17.4025271121036
"dugglbi01_proj","dugglbi01_proj",1898,-18.4139803906732
"dukeza01_proj","dukeza01_proj",2005,11.6127556108836
"dunnja01_proj","dunnja01_proj",1897,-21.2167650998268
"dwyerfr01_proj","dwyerfr01_proj",1888,-3.69896617557649
"earnsge01_proj","earnsge01_proj",1928,1.30782466836404
"eatonad01_proj","eatonad01_proj",2000,-7.62016693235628
"eckerde01_proj","eckerde01_proj",1975,53.7806421576026
"ehmkeho01_proj","ehmkeho01_proj",1916,7.0735757681067
"ehretre01_proj","ehretre01_proj",1892,-15.6197188538768
"elartsc01_proj","elartsc01_proj",1998,1.02974643269302
"eldreca01_proj","eldreca01_proj",1991,16.2728866736243
"ellioju01_proj","ellioju01_proj",1923,-25.5594396093253
"ellisdo01_proj","ellisdo01_proj",1968,13.8603726843238
"ellissa01_proj","ellissa01_proj",1962,4.80089210811534
"ellswdi01_proj","ellswdi01_proj",1958,17.9207064015639
"ericksc01_proj","ericksc01_proj",1990,24.3542970501137
"erskica01_proj","erskica01_proj",1948,5.29554983589405
"escobke01_proj","escobke01_proj",1997,24.5878668926443
"esperdu01_proj","esperdu01_proj",1890,-16.8017051109715
"estessh01_proj","estessh01_proj",1995,9.12711572470588
"estrama01_proj","estrama01_proj",2008,13.2633078637049
"ewingbo01_proj","ewingbo01_proj",1902,-23.9881285379512
"faberre01_proj","faberre01_proj",1914,19.5864621695805
"facero01_proj","facero01_proj",1953,14.5143650145216
"falcope01_proj","falcope01_proj",1975,11.3529449566041
"falkecy01_proj","falkecy01_proj",1903,-32.3149465958284
"farretu01_proj","farretu01_proj",1956,25.3006188594615
"fasseje01_proj","fasseje01_proj",1991,24.4356693923111
"feldmsc01_proj","feldmsc01_proj",2005,9.15945264390713
"fellebo01_proj","fellebo01_proj",1936,37.6689455765192
"fergual01_proj","fergual01_proj",1918,-27.2195264045332
"ferguch01_proj","ferguch01_proj",1884,7.82803428831147
"fernaal01_proj","fernaal01_proj",1990,26.0234239470541
"fernasi01_proj","fernasi01_proj",1983,28.1757794701278
"ferrewe01_proj","ferrewe01_proj",1927,7.92996319747026
"fiersmi01_proj","fiersmi01_proj",2011,14.1196520033672
"figueed01_proj","figueed01_proj",1974,13.791366785185
"fillida01_proj","fillida01_proj",1915,-21.3733294979174
"fingero01_proj","fingero01_proj",1968,19.7244434119255
"finlech01_proj","finlech01_proj",1986,54.3626154185239
"fisheed02_proj","fisheed02_proj",1959,7.18248961902959
"fisheja01_proj","fisheja01_proj",1959,0.833736896735929
"fishera01_proj","fishera01_proj",1910,-10.8622454996252
"fistedo01_proj","fistedo01_proj",2009,21.7805341838701
"fitzmal01_proj","fitzmal01_proj",1969,12.0553810696292
"fitzsfr01_proj","fitzsfr01_proj",1925,-3.29437117218755
"flahepa02_proj","flahepa02_proj",1899,-36.6720491642857
"flanami01_proj","flanami01_proj",1975,21.647193718528
"floydga01_proj","floydga01_proj",2004,17.033483729059
"foggjo01_proj","foggjo01_proj",2001,-0.20324323513876
"fordru01_proj","fordru01_proj",1909,5.9775186151174
"fordwh01_proj","fordwh01_proj",1950,37.7567827694956
"fornimi01_proj","fornimi01_proj",1952,-5.39441603525208
"forscbo01_proj","forscbo01_proj",1974,15.3414079426113
"forscke01_proj","forscke01_proj",1970,24.7656452287741
"forstte01_proj","forstte01_proj",1971,16.2187496915765
"fosteal01_proj","fosteal01_proj",1967,4.53469747072511
"fowlear01_proj","fowlear01_proj",1954,3.61741419348515
"fowledi01_proj","fowledi01_proj",1941,-24.9967955975406
"foxho01_proj","foxho01_proj",1944,-13.2347089628436
"foytapa01_proj","foytapa01_proj",1953,-13.9050122569285
"francje01_proj","francje01_proj",2004,10.1791187393648
"francjo01_proj","francjo01_proj",1984,16.3522798392037
"frankfr02_proj","frankfr02_proj",1927,-7.39648120750582
"frankry01_proj","frankry01_proj",1999,12.9352758899864
"frasech01_proj","frasech01_proj",1896,-38.5687798660641
"frencla01_proj","frencla01_proj",1929,16.1224124956204
"freybe01_proj","freybe01_proj",1929,-12.7996481235722
"frienbo01_proj","frienbo01_proj",1951,39.2315421130843
"frommar01_proj","frommar01_proj",1906,-37.2254268843442
"frymawo01_proj","frymawo01_proj",1966,17.2770647068687
"galehde01_proj","galehde01_proj",1934,-4.53048087886837
"gallayo01_proj","gallayo01_proj",2007,21.452095548457
"gallibe01_proj","gallibe01_proj",1912,-22.5408099599125
"galvipu01_proj","galvipu01_proj",1880,16.8820190617882
"garbege01_proj","garbege01_proj",1969,14.5615212093007
"garcifr02_proj","garcifr02_proj",1999,36.4697563709507
"garcija02_proj","garcija02_proj",2008,6.97747637657467
"garcimi01_proj","garcimi01_proj",1948,9.43628862219552
"gardnma01_proj","gardnma01_proj",1989,5.19145409409569
"garlajo01_proj","garlajo01_proj",2000,22.6908165497428
"garlawa01_proj","garlawa01_proj",1973,7.36840408022789
"garvene01_proj","garvene01_proj",1948,22.5813379581866
"garvine01_proj","garvine01_proj",1896,-9.690084113254
"garzama01_proj","garzama01_proj",2006,7.75295826012961
"gastomi01_proj","gastomi01_proj",1924,-10.8252445775986
"genewjo01_proj","genewjo01_proj",1922,-18.3904351281973
"getzich01_proj","getzich01_proj",1884,-4.88694252442401
"gibbojo01_proj","gibbojo01_proj",1960,7.98741154679061
"gibsobo01_proj","gibsobo01_proj",1959,68.0360152510615
"gibsoky01_proj","gibsoky01_proj",2013,11.5723322761792
"giustda01_proj","giustda01_proj",1962,13.4164044108279
"gladefr01_proj","gladefr01_proj",1902,-11.7011992359584
"glavito02_proj","glavito02_proj",1987,71.3146521942071
"gleaski01_proj","gleaski01_proj",1888,-5.55103373289908
"goldsfr01_proj","goldsfr01_proj",1880,-1.68737231120966
"goltzda01_proj","goltzda01_proj",1972,22.8875968189696
"gomezle01_proj","gomezle01_proj",1930,7.0390930032523
"gomezru01_proj","gomezru01_proj",1953,12.5724324045273
"gonzagi01_proj","gonzagi01_proj",2008,33.0947033195372
"goodedw01_proj","goodedw01_proj",1984,46.1748905913174
"gordoto01_proj","gordoto01_proj",1988,32.1082699269106
"gossari01_proj","gossari01_proj",1972,36.6551593831604
"gottji01_proj","gottji01_proj",1982,8.06238588042815
"grantmu01_proj","grantmu01_proj",1958,12.2791630544066
"grayso01_proj","grayso01_proj",2013,20.7223857240633
"grayte01_proj","grayte01_proj",1946,-14.2961711690412
"greggve01_proj","greggve01_proj",1911,-8.89351049862393
"greinza01_proj","greinza01_proj",2004,68.6602302123954
"griffcl01_proj","griffcl01_proj",1893,-27.1289005222015
"griffto02_proj","griffto02_proj",1969,6.39549168851929
"grimebu01_proj","grimebu01_proj",1916,-14.7131262638199
"grimsro02_proj","grimsro02_proj",1971,8.77770015204481
"gromest01_proj","gromest01_proj",1941,-14.1877708158531
"groombo01_proj","groombo01_proj",1909,-21.6153545410797
"grosske01_proj","grosske01_proj",1983,23.7082621447125
"grovele01_proj","grovele01_proj",1925,65.8214653793368
"groveor01_proj","groveor01_proj",1940,-32.5150656656409
"gubicma01_proj","gubicma01_proj",1984,35.6941806817315
"guidrro01_proj","guidrro01_proj",1975,44.6318573813822
"gulledo01_proj","gulledo01_proj",1970,14.4328043441055
"gullibi01_proj","gullibi01_proj",1979,22.0081673780068
"gumbead01_proj","gumbead01_proj",1888,-21.8798455796443
"gumbeha01_proj","gumbeha01_proj",1935,-14.56807707198
"gumpera01_proj","gumpera01_proj",1936,-11.3495892088064
"gurala01_proj","gurala01_proj",1970,21.5654018773119
"guthrje01_proj","guthrje01_proj",2004,17.7449778040043
"guzmajo01_proj","guzmajo01_proj",1985,11.6156324446369
"guzmaju01_proj","guzmaju01_proj",1991,22.210385024134
"haasmo01_proj","haasmo01_proj",1976,15.2521988188212
"hackewa02_proj","hackewa02_proj",1948,-0.372856422521997
"haddiha01_proj","haddiha01_proj",1952,21.3897784852832
"hadlebu01_proj","hadlebu01_proj",1926,-5.54829303111775
"haefnmi01_proj","haefnmi01_proj",1943,-2.52053220958482
"hahnno01_proj","hahnno01_proj",1899,2.99867190969942
"haineje01_proj","haineje01_proj",1918,-7.28164444191686
"haliced01_proj","haliced01_proj",1974,11.3782721635671
"hallabi01_proj","hallabi01_proj",1925,-17.5696857655309
"hallaro01_proj","hallaro01_proj",1998,66.0108518406288
"halldi01_proj","halldi01_proj",1955,9.3357574683796
"hamelco01_proj","hamelco01_proj",2006,63.2845908506291
"hamilea01_proj","hamilea01_proj",1911,-15.0102886511237
"hamiljo02_proj","hamiljo02_proj",1994,16.4880099448678
"hamlilu01_proj","hamlilu01_proj",1933,-13.0571103296531
"hammaat01_proj","hammaat01_proj",1981,8.3850019277003
"hammeja01_proj","hammeja01_proj",2006,12.8241802191402
"hammoch01_proj","hammoch01_proj",1990,7.59598239114816
"hamptmi01_proj","hamptmi01_proj",1993,15.0680738940012
"handsbi01_proj","handsbi01_proj",1965,24.6744619578175
"hansoer01_proj","hansoer01_proj",1988,20.9842569960577
"happja01_proj","happja01_proj",2007,24.4555505962427
"haranaa01_proj","haranaa01_proj",2002,24.158596817178
"hardeme01_proj","hardeme01_proj",1928,-32.8486400489024
"harenda01_proj","harenda01_proj",2003,34.2719613180155
"hargast01_proj","hargast01_proj",1965,3.69825968892643
"harmobo01_proj","harmobo01_proj",1909,-23.6655211756843
"harnipe01_proj","harnipe01_proj",1988,17.7145215410405
"harpeha01_proj","harpeha01_proj",1913,-22.0691424049716
"harpeja01_proj","harpeja01_proj",1899,-32.800069861331
"harrigr01_proj","harrigr01_proj",1981,17.6385290132228
"harrimi01_proj","harrimi01_proj",1940,-11.463902123725
"harrisl01_proj","harrisl01_proj",1920,0.296690047473441
"harshja01_proj","harshja01_proj",1952,-2.92680137417723
"hartbi01_proj","hartbi01_proj",1892,-20.6150044026313
"hasslan01_proj","hasslan01_proj",1971,7.85176303932609
"hattejo01_proj","hattejo01_proj",1946,-5.05015632079376
"hawkian01_proj","hawkian01_proj",1982,-0.819767419928798
"hawkila01_proj","hawkila01_proj",1995,17.3419038493169
"hawlepi01_proj","hawlepi01_proj",1892,-16.2314613539708
"hayneji01_proj","hayneji01_proj",1995,1.52360472542475
"haynejo01_proj","haynejo01_proj",1939,-24.3763456510323
"healyjo01_proj","healyjo01_proj",1885,-12.1500079762566
"hearnji01_proj","hearnji01_proj",1947,5.39486021415657
"heatone01_proj","heatone01_proj",1982,6.8377011168196
"heimafr01_proj","heimafr01_proj",1920,-38.4259318435428
"heintke01_proj","heintke01_proj",1937,-7.62096226129699
"hellije01_proj","hellije01_proj",2010,13.0925909104795
"helliri01_proj","helliri01_proj",1994,20.8580524665107
"hemmige01_proj","hemmige01_proj",1891,-11.9291578339532
"hendrcl01_proj","hendrcl01_proj",1911,-5.72322933608677
"hendrma01_proj","hendrma01_proj",2002,4.86106135662768
"hentgpa01_proj","hentgpa01_proj",1991,34.6242043322587
"herbera01_proj","herbera01_proj",1950,-2.22542864724351
"hermadu01_proj","hermadu01_proj",1995,11.6788670163093
"hernafe02_proj","hernafe02_proj",2005,45.793612876783
"hernali01_proj","hernali01_proj",1996,24.8586138378694
"hernaor01_proj","hernaor01_proj",1998,23.4364693053601
"hernaro01_proj","hernaro01_proj",1991,13.9713894373788
"hernawi01_proj","hernawi01_proj",1977,15.8358102210279
"hershor01_proj","hershor01_proj",1983,46.1701775829168
"hessot01_proj","hessot01_proj",1902,-39.9729124923757
"heussed01_proj","heussed01_proj",1935,-15.587027580281
"hevinjo02_proj","hevinjo02_proj",1930,-26.9095493517585
"higbeki01_proj","higbeki01_proj",1937,-6.56557497549712
"higuete01_proj","higuete01_proj",1985,29.1034144191637
"hildeor01_proj","hildeor01_proj",1931,0.334605140984299
"hillejo01_proj","hillejo01_proj",1965,24.4278086858118
"hillke01_proj","hillke01_proj",1988,16.6692060603616
"hitchst01_proj","hitchst01_proj",1992,9.67298218168996
"hobbigl01_proj","hobbigl01_proj",1957,6.48646575787015
"hoeftbi01_proj","hoeftbi01_proj",1952,-0.00464241831192505
"hoffebi01_proj","hoffebi01_proj",1895,-8.40064259452371
"hoffmtr01_proj","hoffmtr01_proj",1993,28.0157699755343
"hogsech01_proj","hogsech01_proj",1929,-28.5425742917823
"hollade01_proj","hollade01_proj",2009,5.22336479899266
"hollial01_proj","hollial01_proj",1935,-13.5891501883907
"holloke01_proj","holloke01_proj",1922,-17.5915600297025
"holtzke01_proj","holtzke01_proj",1965,22.9367613321595
"honeyri01_proj","honeyri01_proj",1977,20.1804602416104
"hootobu01_proj","hootobu01_proj",1971,32.7314558162815
"horlejo01_proj","horlejo01_proj",1961,15.8660488863092
"houghch01_proj","houghch01_proj",1970,35.2396898108324
"houttar01_proj","houttar01_proj",1945,-19.2921698154225
"howelha01_proj","howelha01_proj",1898,-20.376883978432
"hoytla01_proj","hoytla01_proj",1979,11.5527003292315
"hoytwa01_proj","hoytwa01_proj",1918,-0.799994761135904
"hubbeca01_proj","hubbeca01_proj",1928,30.8992884357715
"hudliwi01_proj","hudliwi01_proj",1926,-3.72148228404038
"hudsoch02_proj","hudsoch02_proj",1983,6.05943602821773
"hudsosi01_proj","hudsosi01_proj",1940,-15.8594378605256
"hudsoti01_proj","hudsoti01_proj",1999,58.117159479143
"hugheja01_proj","hugheja01_proj",1898,-4.81916316002772
"hugheph01_proj","hugheph01_proj",2007,12.6090976692846
"hugheto01_proj","hugheto01_proj",1900,-45.5113258005942
"hughste01_proj","hughste01_proj",1941,7.30498219501971
"humeto01_proj","humeto01_proj",1977,8.76339703100933
"humphjo02_proj","humphjo02_proj",1938,-18.1360206162187
"hunteca01_proj","hunteca01_proj",1965,26.9959494695086
"hurstbr01_proj","hurstbr01_proj",1980,33.1131047263994
"hutchbi01_proj","hutchbi01_proj",1889,1.96456068582686
"hutchfr01_proj","hutchfr01_proj",1939,-0.846011314340833
"isrinja01_proj","isrinja01_proj",1995,12.2525431235054
"jacksal01_proj","jacksal01_proj",1959,4.95214357725861
"jacksda02_proj","jacksda02_proj",1983,12.0734947934336
"jacksed01_proj","jacksed01_proj",2003,8.5802904047777
"jacksgr01_proj","jacksgr01_proj",1965,11.728222115315
"jacksla01_proj","jacksla01_proj",1955,44.4681346126033
"jacksmi02_proj","jacksmi02_proj",1986,14.1511052386601
"jacobel01_proj","jacobel01_proj",1914,-23.0665911204155
"jamesbi01_proj","jamesbi01_proj",1911,-24.8797580516739
"jansela01_proj","jansela01_proj",1947,6.77350059982493
"jarvipa01_proj","jarvipa01_proj",1966,11.6079552279042
"javeral01_proj","javeral01_proj",1940,-13.082572410512
"jayjo01_proj","jayjo01_proj",1953,13.8254604576291
"jeffeje01_proj","jeffeje01_proj",1973,2.7319786595132
"jenkife01_proj","jenkife01_proj",1965,66.8430685509181
"jennija01_proj","jennija01_proj",2001,9.82127824694274
"jimenub01_proj","jimenub01_proj",2006,22.549460518866
"johnsha01_proj","johnsha01_proj",1925,-35.7860703236319
"johnsja02_proj","johnsja02_proj",1997,4.19508923766876
"johnske02_proj","johnske02_proj",1958,11.8604999425185
"johnsra05_proj","johnsra05_proj",1988,92.9485003777562
"johnssi01_proj","johnssi01_proj",1928,-30.3375493891892
"johnssy01_proj","johnssy01_proj",1922,-21.5299823237499
"johnswa01_proj","johnswa01_proj",1907,69.4578344144594
"johnto01_proj","johnto01_proj",1963,50.0609267668935
"jonesbo03_proj","jonesbo03_proj",1993,8.48952676303941
"jonesdo01_proj","jonesdo01_proj",1982,18.7185939796393
"jonespe01_proj","jonespe01_proj",1920,-24.2539396011935
"jonesra01_proj","jonesra01_proj",1973,16.6675559046074
"jonessa01_proj","jonessa01_proj",1914,-15.4257399481725
"jonessa02_proj","jonessa02_proj",1951,14.2402800441013
"jonesto02_proj","jonesto02_proj",1993,10.7121858093247
"jossad01_proj","jossad01_proj",1902,9.61500330175699
"kaatji01_proj","kaatji01_proj",1959,23.3864746596154
"kargeed01_proj","kargeed01_proj",1906,-12.9760166748984
"karlsc01_proj","karlsc01_proj",1995,7.45117195565456
"kaufmto01_proj","kaufmto01_proj",1921,-33.9213247684745
"kazmisc01_proj","kazmisc01_proj",2004,23.2535847073431
"keefeti01_proj","keefeti01_proj",1880,5.35085268848358
"kellnal01_proj","kellnal01_proj",1948,-7.56561829958243
"kemmeru01_proj","kemmeru01_proj",1954,-2.19429937394346
"kendrky01_proj","kendrky01_proj",2007,2.23698248908618
"kennebr01_proj","kennebr01_proj",1892,-22.5318686174728
"kenneia01_proj","kenneia01_proj",2007,16.0875261646092
"kenneve01_proj","kenneve01_proj",1934,-19.9053705771258
"keougma02_proj","keougma02_proj",1977,7.62265553093235
"kershcl01_proj","kershcl01_proj",2008,74.3075928794317
"keuchda01_proj","keuchda01_proj",2012,22.5177646870335
"keyji01_proj","keyji01_proj",1984,46.114428190674
"kileda01_proj","kileda01_proj",1991,19.3506179880368
"killefr01_proj","killefr01_proj",1892,-11.536858246601
"killied01_proj","killied01_proj",1903,-13.559972726188
"kindeel01_proj","kindeel01_proj",1946,14.321058014235
"kingsi01_proj","kingsi01_proj",1886,-16.8505903097329
"kirbycl01_proj","kirbycl01_proj",1969,9.86756980203971
"kisonbr01_proj","kisonbr01_proj",1971,13.5868271743389
"kitsofr01_proj","kitsofr01_proj",1898,-27.8452706870509
"klinero01_proj","klinero01_proj",1952,8.0981949016365
"klingbo01_proj","klingbo01_proj",1938,-9.60848355087362
"klippjo01_proj","klippjo01_proj",1950,-1.56868420704047
"klubeco01_proj","klubeco01_proj",2011,38.9859833108193
"kneppbo01_proj","kneppbo01_proj",1976,21.2993616110107
"knottja01_proj","knottja01_proj",1933,-13.6479555967345
"knowlda01_proj","knowlda01_proj",1965,8.08478099676414
"kolpra01_proj","kolpra01_proj",1921,-12.910492299174
"koosmje01_proj","koosmje01_proj",1967,48.3250355451428
"kosloda01_proj","kosloda01_proj",1941,3.01024683568438
"koufasa01_proj","koufasa01_proj",1955,43.1522325726673
"kralija01_proj","kralija01_proj",1959,11.1608754796278
"krameja01_proj","krameja01_proj",1939,-27.0061884234893
"krausle02_proj","krausle02_proj",1961,-10.3442571240406
"kremera01_proj","kremera01_proj",1924,-1.92268475634602
"kruegbi01_proj","kruegbi01_proj",1983,2.45759697976059
"krukomi01_proj","krukomi01_proj",1976,20.1915869160818
"kurodhi01_proj","kurodhi01_proj",2008,22.9929445615903
"labincl01_proj","labincl01_proj",1950,2.46541744845874
"lackejo01_proj","lackejo01_proj",2002,34.9393692458564
"lacosmi01_proj","lacosmi01_proj",1978,1.45521606040112
"lakejo01_proj","lakejo01_proj",1908,-13.0582920182294
"lampde01_proj","lampde01_proj",1977,15.3941750558058
"langfri01_proj","langfri01_proj",1976,12.1223415338559
"langsma01_proj","langsma01_proj",1984,44.8852422448088
"laniema01_proj","laniema01_proj",1938,3.73035198970657
"lannijo01_proj","lannijo01_proj",1936,-16.178184174793
"lapoida01_proj","lapoida01_proj",1980,7.43381208571259
"larocda01_proj","larocda01_proj",1970,12.2724994809685
"larsedo01_proj","larsedo01_proj",1953,2.00916952719905
"laryfr01_proj","laryfr01_proj",1954,18.8896763250316
"latmaba01_proj","latmaba01_proj",1957,-13.4800025102438
"latosma01_proj","latosma01_proj",2009,13.9340898339394
"lavelga01_proj","lavelga01_proj",1974,17.6180730979357
"lavenji01_proj","lavenji01_proj",1912,-11.5042133566522
"lawrebr01_proj","lawrebr01_proj",1954,6.08953421402683
"lawve01_proj","lawve01_proj",1950,22.5537104730954
"leakemi01_proj","leakemi01_proj",2010,16.1881167462794
"learyti01_proj","learyti01_proj",1981,2.51148347897989
"leebi02_proj","leebi02_proj",1934,-1.45574839024028
"leebi03_proj","leebi03_proj",1969,18.0569993578547
"leecl02_proj","leecl02_proj",2002,41.1781745265581
"leeth01_proj","leeth01_proj",1933,-9.21242961249679
"leevesa01_proj","leevesa01_proj",1898,-13.2420522345425
"leffecr01_proj","leffecr01_proj",1983,5.94982350100352
"leibrch01_proj","leibrch01_proj",1979,30.9986299522286
"leifile01_proj","leifile01_proj",1905,-24.5954161341716
"leiteal01_proj","leiteal01_proj",1987,39.8660613372972
"leitema01_proj","leitema01_proj",1990,3.45655983729667
"lemasde01_proj","lemasde01_proj",1962,15.7920754147975
"lemonbo01_proj","lemonbo01_proj",1946,15.8790666512589
"leonade01_proj","leonade01_proj",1974,24.4932585615421
"leonadu01_proj","leonadu01_proj",1913,-0.429274280494316
"leonadu02_proj","leonadu02_proj",1933,21.200714254202
"lerchra01_proj","lerchra01_proj",1975,0.264223549337613
"lestejo01_proj","lestejo01_proj",2006,49.3175652807006
"lewisco01_proj","lewisco01_proj",2002,7.13904835275154
"lewiste01_proj","lewiste01_proj",1896,-3.32710133868588
"lidleco01_proj","lidleco01_proj",1997,10.9401725376995
"liebejo01_proj","liebejo01_proj",1994,25.1323697839533
"lillyte01_proj","lillyte01_proj",1999,28.9359601464631
"limajo01_proj","limajo01_proj",1994,7.45900641765116
"linceti01_proj","linceti01_proj",2007,16.9938642111808
"lindbpa01_proj","lindbpa01_proj",1965,2.75284641527221
"liriafr01_proj","liriafr01_proj",2005,19.9378461354144
"loaizes01_proj","loaizes01_proj",1995,22.2027635249146
"lockwsk01_proj","lockwsk01_proj",1969,8.79415210910067
"loesbi01_proj","loesbi01_proj",1950,-1.76048465263145
"lohseky01_proj","lohseky01_proj",2001,13.1124730750137
"lolicmi01_proj","lolicmi01_proj",1963,33.336476528818
"lonboji01_proj","lonboji01_proj",1965,9.26940280656328
"loopebr01_proj","loopebr01_proj",1998,7.18365942218409
"lopated01_proj","lopated01_proj",1944,5.16859285171987
"lopezro01_proj","lopezro01_proj",2000,7.55134305169934
"lowede01_proj","lowede01_proj",1997,32.2175648473235
"lowntu01_proj","lowntu01_proj",1951,0.985961282038681
"lucasre01_proj","lucasre01_proj",1923,0.291146619602746
"lundgca01_proj","lundgca01_proj",1902,-21.0565411244162
"luquedo01_proj","luquedo01_proj",1914,-5.12880689060445
"lushjo01_proj","lushjo01_proj",1904,-22.9589448430134
"lylesp01_proj","lylesp01_proj",1967,18.2879571822351
"lynnla01_proj","lynnla01_proj",2011,25.4657667369583
"lyonste01_proj","lyonste01_proj",1923,20.0950573135926
"macfada01_proj","macfada01_proj",1926,-30.207602952544
"maddugr01_proj","maddugr01_proj",1986,97.3672291592154
"maglisa01_proj","maglisa01_proj",1945,24.7201758994352
"magrajo01_proj","magrajo01_proj",1987,11.0595196295036
"mahafro01_proj","mahafro01_proj",1926,-21.3996327203658
"mahleri01_proj","mahleri01_proj",1979,18.1757618612809
"maholpa01_proj","maholpa01_proj",2005,13.7576961025447
"malonji01_proj","malonji01_proj",1960,29.4233368272479
"malonpa02_proj","malonpa02_proj",1928,-11.4242080476084
"mamaual01_proj","mamaual01_proj",1913,-18.2562360992562
"marbefi01_proj","marbefi01_proj",1923,-2.44086940298875
"marchph01_proj","marchph01_proj",1940,-18.678417792345
"marcujo01_proj","marcujo01_proj",1933,0.0332383192884198
"marcush01_proj","marcush01_proj",2005,13.8970835080845
"maricju01_proj","maricju01_proj",1960,51.2528832296661
"marquja01_proj","marquja01_proj",2000,-0.247058754761164
"marquru01_proj","marquru01_proj",1908,-26.7011534086009
"marshmi01_proj","marshmi01_proj",1967,14.9010518610125
"martide01_proj","martide01_proj",1976,46.681697153008
"martipe02_proj","martipe02_proj",1992,79.0520053614632
"martira02_proj","martira02_proj",1988,24.4855376805766
"masteju01_proj","masteju01_proj",2008,10.7276993048332
"mastewa02_proj","mastewa02_proj",1939,-20.4130977376499
"mathech01_proj","mathech01_proj",1900,20.4748653281863
"matlajo01_proj","matlajo01_proj",1971,36.584748896061
"maulal01_proj","maulal01_proj",1887,-39.1411371447517
"mayerer01_proj","mayerer01_proj",1912,-13.7567059173264
"mayja01_proj","mayja01_proj",1917,-33.2193972960255
"mayru01_proj","mayru01_proj",1965,17.5309418983928
"maysca01_proj","maysca01_proj",1915,4.61328761430386
"mcbeaal01_proj","mcbeaal01_proj",1961,11.9689578345312
"mccarbr01_proj","mccarbr01_proj",2005,10.7191621467168
"mccaski01_proj","mccaski01_proj",1985,13.0078954057595
"mccatst01_proj","mccatst01_proj",1977,10.0712087837456
"mcclubo01_proj","mcclubo01_proj",1975,8.58212946052916
"mccorji01_proj","mccorji01_proj",1880,20.2953025744049
"mccormi03_proj","mccormi03_proj",1956,11.0539461867764
"mcdanli01_proj","mcdanli01_proj",1955,20.2957092035134
"mcdermi03_proj","mcdermi03_proj",1948,-8.51164992005157
"mcdonbe01_proj","mcdonbe01_proj",1989,19.8191035491848
"mcdowja01_proj","mcdowja01_proj",1987,24.9966466787488
"mcdowro01_proj","mcdowro01_proj",1985,7.91802554338822
"mcdowsa01_proj","mcdowsa01_proj",1961,30.15354978987
"mcginjo01_proj","mcginjo01_proj",1899,11.0203714041819
"mcgloji01_proj","mcgloji01_proj",1965,5.3000459818876
"mcgloly01_proj","mcgloly01_proj",1972,14.182201531561
"mcgratu01_proj","mcgratu01_proj",1965,20.6065221664278
"mcgresc01_proj","mcgresc01_proj",1976,20.5395046289336
"mcintha01_proj","mcintha01_proj",1905,-36.7844607464953
"mcjamdo01_proj","mcjamdo01_proj",1895,-9.87988361663382
"mclaide01_proj","mclaide01_proj",1963,16.3828297389429
"mclisca01_proj","mclisca01_proj",1944,-10.017750698209
"mcmahdo02_proj","mcmahdo02_proj",1957,18.3724832460808
"mcmahsa01_proj","mcmahsa01_proj",1892,-2.69135425632753
"mcnalda01_proj","mcnalda01_proj",1962,11.792388025737
"mcquige01_proj","mcquige01_proj",1907,-22.2512700346328
"mcquihu01_proj","mcquihu01_proj",1918,-31.3584747560757
"mcwilla01_proj","mcwilla01_proj",1978,11.5768215021772
"meadole01_proj","meadole01_proj",1915,-11.2461843325944
"mechegi01_proj","mechegi01_proj",1999,18.1534320188233
"medicdo01_proj","medicdo01_proj",1973,17.7291544428575
"meekijo01_proj","meekijo01_proj",1892,-15.6500743253335
"meltocl01_proj","meltocl01_proj",1937,-3.53784237729733
"menefjo01_proj","menefjo01_proj",1892,-36.0281864269459
"mercewi01_proj","mercewi01_proj",1894,-16.2415464087259
"merckke01_proj","merckke01_proj",1989,11.8036545191095
"merriji01_proj","merriji01_proj",1965,14.5903510912299
"mesajo01_proj","mesajo01_proj",1987,5.65931294269875
"messean01_proj","messean01_proj",1968,30.7300822384484
"meyerru01_proj","meyerru01_proj",1946,-14.7304448772278
"mileywa01_proj","mileywa01_proj",2011,12.7773742545251
"millebo04_proj","millebo04_proj",1957,14.6543795613133
"millefr02_proj","millefr02_proj",1913,-8.34855541799912
"milleja02_proj","milleja02_proj",1924,-9.66884945579985
"millest01_proj","millest01_proj",1952,18.6384016919453
"millwke01_proj","millwke01_proj",1997,30.7418545331972
"miltoer01_proj","miltoer01_proj",1998,17.392233167947
"minnepa01_proj","minnepa01_proj",1946,3.35832612467008
"minormi01_proj","minormi01_proj",2010,19.0175223318676
"mintogr01_proj","mintogr01_proj",1975,16.6546014021279
"mitchcl01_proj","mitchcl01_proj",1911,-31.6565518632024
"mitchwi01_proj","mitchwi01_proj",1909,-30.890091003551
"mizelvi01_proj","mizelvi01_proj",1952,15.9541951951191
"mlickda01_proj","mlickda01_proj",1992,5.7946905561319
"moehlbr01_proj","moehlbr01_proj",1996,6.71069623942052
"mogrige01_proj","mogrige01_proj",1911,-15.6058202540177
"monbobi01_proj","monbobi01_proj",1958,12.4010151211027
"montejo01_proj","montejo01_proj",1974,20.6115530168769
"mooreea01_proj","mooreea01_proj",1901,-22.3764521113333
"mooremi01_proj","mooremi01_proj",1982,21.0680274279001
"moorera02_proj","moorera02_proj",1952,-2.51713367930073
"moosebo01_proj","moosebo01_proj",1967,7.39466506496973
"morgacy01_proj","morgacy01_proj",1903,-28.2728485964939
"morgami01_proj","morgami01_proj",1978,25.4927124634145
"morgato01_proj","morgato01_proj",1951,-2.98795514519377
"morrija02_proj","morrija02_proj",1977,37.5103447878937
"morrijo04_proj","morrijo04_proj",1920,-8.7585830429655
"morrima01_proj","morrima01_proj",1997,18.6368984176778
"mortoca01_proj","mortoca01_proj",1969,15.2334638481524
"mortoch02_proj","mortoch02_proj",2008,11.4158349989993
"mortogu01_proj","mortogu01_proj",1914,-15.2674213939482
"mossido01_proj","mossido01_proj",1954,13.0888974266595
"moyerja01_proj","moyerja01_proj",1986,46.1651808325077
"mulcahu01_proj","mulcahu01_proj",1935,-25.7297447386177
"muldema01_proj","muldema01_proj",2000,17.3596875544784
"mulhote01_proj","mulhote01_proj",1986,10.5759480634343
"mullato01_proj","mullato01_proj",1881,-4.79834078265841
"mullige01_proj","mullige01_proj",1902,-7.58363306388776
"muncrbo01_proj","muncrbo01_proj",1937,-26.38657974851
"mungere01_proj","mungere01_proj",1943,-10.1861445781964
"mungova01_proj","mungova01_proj",1931,3.6292942358712
"murphjo04_proj","murphjo04_proj",1932,-19.2041795179827
"murphto02_proj","murphto02_proj",1968,7.83727563417571
"mussimi01_proj","mussimi01_proj",1991,80.7685436722697
"myersbr01_proj","myersbr01_proj",2002,15.3011048178998
"myersel01_proj","myersel01_proj",1915,-30.0055652402077
"nagych01_proj","nagych01_proj",1990,24.2600765568561
"nashji01_proj","nashji01_proj",1966,8.66056261949163
"navarja01_proj","navarja01_proj",1989,5.52385046505085
"nayloro01_proj","nayloro01_proj",1917,-13.1667229157147
"neaglde01_proj","neaglde01_proj",1991,20.8731879929887
"nehfar01_proj","nehfar01_proj",1915,-21.0337779717662
"nelsoge01_proj","nelsoge01_proj",1981,4.33164643527678
"newcodo01_proj","newcodo01_proj",1949,21.633925616898
"newhoha01_proj","newhoha01_proj",1939,27.707005234799
"newsobo01_proj","newsobo01_proj",1929,1.21065430769692
"newtodo01_proj","newtodo01_proj",1900,-28.4120674309392
"nichoki01_proj","nichoki01_proj",1890,32.4058301559859
"niekrjo01_proj","niekrjo01_proj",1967,27.0192952458984
"niekrph01_proj","niekrph01_proj",1964,82.4656518226771
"niesejo01_proj","niesejo01_proj",2008,7.57784529940744
"niggejo01_proj","niggejo01_proj",1938,-3.65870219217218
"nixonwi01_proj","nixonwi01_proj",1950,-13.8623603728065
"nolanga01_proj","nolanga01_proj",1967,24.1333570367564
"nolasri01_proj","nolasri01_proj",2006,7.90100335260226
"nomohi01_proj","nomohi01_proj",1995,18.5430299060382
"normafr01_proj","normafr01_proj",1962,10.9255889145327
"norribu01_proj","norribu01_proj",2009,3.11854968669288
"norrimi01_proj","norrimi01_proj",1975,8.23491125334249
"novaiv01_proj","novaiv01_proj",2010,15.7249938842942
"nuxhajo01_proj","nuxhajo01_proj",1944,17.6765067537939
"odombl01_proj","odombl01_proj",1964,-4.64975649799053
"odorija01_proj","odorija01_proj",2012,15.4416663221815
"oeschjo01_proj","oeschjo01_proj",1914,-40.1708633878025
"ohkato01_proj","ohkato01_proj",1999,11.1190528920496
"ojedabo01_proj","ojedabo01_proj",1980,21.9984915249791
"olivaom01_proj","olivaom01_proj",1990,14.1714210681346
"oliveda02_proj","oliveda02_proj",1993,21.4985684633325
"oroscje01_proj","oroscje01_proj",1979,20.4196302064839
"orthal01_proj","orthal01_proj",1895,-20.2196726670642
"ortizra01_proj","ortizra01_proj",1999,5.78048046989157
"ortizru01_proj","ortizru01_proj",1998,10.0347557543436
"osteecl01_proj","osteecl01_proj",1957,27.5890809387922
"osterfr01_proj","osterfr01_proj",1934,3.59689395588921
"oswalro01_proj","oswalro01_proj",2001,54.3602096684187
"overaor01_proj","overaor01_proj",1905,-8.66259291423933
"overmst01_proj","overmst01_proj",1943,-14.672730059337
"owenfr01_proj","owenfr01_proj",1901,-28.3836960818057
"padilvi01_proj","padilvi01_proj",1999,12.2657727417946
"palmeda01_proj","palmeda01_proj",1978,8.93002935277041
"palmeji01_proj","palmeji01_proj",1965,52.492591580376
"pappami01_proj","pappami01_proj",1957,33.1568603607072
"parkch01_proj","parkch01_proj",1994,18.4124359687352
"parmero01_proj","parmero01_proj",1929,-27.2746106074832
"parneme01_proj","parneme01_proj",1947,11.0889849384791
"pascuca02_proj","pascuca02_proj",1954,14.9214222463648
"passecl01_proj","passecl01_proj",1935,16.1751425803167
"patteca01_proj","patteca01_proj",1901,-23.4070648728975
"pattero01_proj","pattero01_proj",1901,-16.536245323351
"pattima01_proj","pattima01_proj",1968,14.3139780424945
"pavanca01_proj","pavanca01_proj",1998,17.2874384920049
"pearsmo01_proj","pearsmo01_proj",1932,-8.69929065258318
"peavyja01_proj","peavyja01_proj",2002,35.2398845119951
"pelfrmi01_proj","pelfrmi01_proj",2006,5.9713444370876
"peltyba01_proj","peltyba01_proj",1903,-23.1130347004203
"penaal01_proj","penaal01_proj",1981,14.2682798427142
"penaor01_proj","penaor01_proj",1958,9.14240113139553
"pennohe01_proj","pennohe01_proj",1912,-44.6886509416944
"pennybr01_proj","pennybr01_proj",2000,19.8061796983687
"perezme01_proj","perezme01_proj",1987,9.48214320790328
"perezod01_proj","perezod01_proj",1998,8.07566564507294
"perezol01_proj","perezol01_proj",2002,6.00168476185141
"perezpa01_proj","perezpa01_proj",1980,17.7263041169798
"perraro01_proj","perraro01_proj",1961,15.4239735146443
"perripo01_proj","perripo01_proj",1912,-31.4395289707492
"perryga01_proj","perryga01_proj",1962,72.7755692221881
"perryji01_proj","perryji01_proj",1959,26.6131782138712
"peterfr01_proj","peterfr01_proj",1966,14.8766962866489
"peterga01_proj","peterga01_proj",1959,13.5700375398853
"petryda01_proj","petryda01_proj",1979,15.3756744917222
"pettian01_proj","pettian01_proj",1995,58.6215591430024
"pettyje01_proj","pettyje01_proj",1921,-5.92635716748531
"pfeffje01_proj","pfeffje01_proj",1911,-11.7785632514837
"pfiesja01_proj","pfiesja01_proj",1903,-20.1755922475579
"phillbi02_proj","phillbi02_proj",1890,-22.5936617929203
"phillde01_proj","phillde01_proj",1899,-21.5581278080099
"phoebto01_proj","phoebto01_proj",1966,4.35689842309393
"piattwi01_proj","piattwi01_proj",1898,-15.8648782748004
"piercbi02_proj","piercbi02_proj",1945,33.5724648662194
"pineijo01_proj","pineijo01_proj",2000,14.1851569131626
"pipgrge01_proj","pipgrge01_proj",1923,-19.2300501432467
"pittito01_proj","pittito01_proj",1900,-18.7002892820497
"pizarju01_proj","pizarju01_proj",1957,5.77820898519495
"planked01_proj","planked01_proj",1901,16.6133845021801
"plesada01_proj","plesada01_proj",1986,14.6598997101703
"plunker01_proj","plunker01_proj",1986,12.9225018419321
"podrejo01_proj","podrejo01_proj",1953,24.0977242733278
"polleho01_proj","polleho01_proj",1941,8.91314168468421
"ponsosi01_proj","ponsosi01_proj",1998,11.3478371389435
"porceri01_proj","porceri01_proj",2009,22.0586615718643
"portebo01_proj","portebo01_proj",1948,-3.63579919499448
"portuma01_proj","portuma01_proj",1985,13.5911534235739
"pottene01_proj","pottene01_proj",1936,-2.46920573163567
"powelja01_proj","powelja01_proj",1897,-8.81076652244082
"powerte01_proj","powerte01_proj",1981,6.24081662022688
"priceda01_proj","priceda01_proj",2008,45.4467727767983
"purkebo01_proj","purkebo01_proj",1954,23.178036806283
"quantpa01_proj","quantpa01_proj",1992,17.4054389853892
"quinnja01_proj","quinnja01_proj",1909,-7.34356422200535
"quintjo01_proj","quintjo01_proj",2012,28.5418496546039
"quiseda01_proj","quiseda01_proj",1979,20.5688059430797
"radboch01_proj","radboch01_proj",1881,16.4459584024943
"radkebr01_proj","radkebr01_proj",1995,44.7360647288168
"raffeke01_proj","raffeke01_proj",1939,1.44370717922142
"raganpa01_proj","raganpa01_proj",1909,-37.0278887912453
"ramospe01_proj","ramospe01_proj",1955,13.1668199710782
"rapppa01_proj","rapppa01_proj",1992,10.8389693351288
"raschvi01_proj","raschvi01_proj",1946,-11.1140543199346
"rasmude01_proj","rasmude01_proj",1983,8.09725050276599
"rasmuer01_proj","rasmuer01_proj",1975,6.6621904712825
"raudo01_proj","raudo01_proj",1972,12.131252854436
"rawlesh01_proj","rawlesh01_proj",1978,18.7973651671253
"reardje01_proj","reardje01_proj",1979,17.2820017478611
"redmama01_proj","redmama01_proj",1999,10.9544222942925
"reedri01_proj","reedri01_proj",1988,15.5560677924286
"reedro01_proj","reedro01_proj",1966,21.2560543861261
"reganph01_proj","reganph01_proj",1960,2.86240653086726
"renkost01_proj","renkost01_proj",1969,18.062224844322
"reulbed01_proj","reulbed01_proj",1905,-13.2622112442562
"reuscri01_proj","reuscri01_proj",1972,62.093909077741
"reussje01_proj","reussje01_proj",1969,30.7433834706995
"reynoal01_proj","reynoal01_proj",1942,1.07729266929649
"reynoar02_proj","reynoar02_proj",1991,11.6601326633538
"reynosh01_proj","reynosh01_proj",1992,19.3842905301816
"rhemfl01_proj","rhemfl01_proj",1924,-23.4173239077706
"rhinebi01_proj","rhinebi01_proj",1890,-7.45853964123384
"rhoadbo01_proj","rhoadbo01_proj",1902,-22.1851173188806
"rhodear01_proj","rhodear01_proj",1991,9.71061741450421
"rhodego01_proj","rhodego01_proj",1929,-17.2597540383333
"rhoderi01_proj","rhoderi01_proj",1974,28.5042663602327
"richacl01_proj","richacl01_proj",2008,-7.20328133134985
"richepe01_proj","richepe01_proj",1962,9.81695420737795
"richile01_proj","richile01_proj",1906,-20.2306562945211
"richmle01_proj","richmle01_proj",1880,-0.196171822182726
"riddlel01_proj","riddlel01_proj",1939,-16.5635805156393
"righeda01_proj","righeda01_proj",1979,21.3587618343749
"rignejo01_proj","rignejo01_proj",1937,5.64305688391486
"rijojo01_proj","rijojo01_proj",1984,33.7883594625856
"ringji01_proj","ringji01_proj",1917,-22.390692056101
"riverma01_proj","riverma01_proj",1995,54.5011946635206
"rixeyep01_proj","rixeyep01_proj",1912,5.34554561673488
"roarkta01_proj","roarkta01_proj",2013,23.512094259886
"roberch01_proj","roberch01_proj",1919,-26.0131288366539
"roberda05_proj","roberda05_proj",1969,18.6827759996184
"roberna01_proj","roberna01_proj",2002,4.77883458425853
"roberro01_proj","roberro01_proj",1948,69.4911343575271
"robindo01_proj","robindo01_proj",1978,11.7934160009146
"rodriwa01_proj","rodriwa01_proj",2005,9.25748318913946
"roepr01_proj","roepr01_proj",1938,10.935635003181
"rogerke01_proj","rogerke01_proj",1989,49.4455869228942
"rogerst01_proj","rogerst01_proj",1973,42.4035368876176
"rommeed01_proj","rommeed01_proj",1920,17.3052344132385
"rookeji01_proj","rookeji01_proj",1968,14.4383567783804
"rootch01_proj","rootch01_proj",1923,-0.115392204573381
"rossbu02_proj","rossbu02_proj",1936,-23.4209141350357
"rowesc01_proj","rowesc01_proj",1933,-2.23948304632894
"rozemda01_proj","rozemda01_proj",1977,14.6191753884364
"ruckena01_proj","ruckena01_proj",1907,-0.0197765079999859
"rudoldi01_proj","rudoldi01_proj",1910,-29.2645659755672
"rueteki01_proj","rueteki01_proj",1993,16.4190540578708
"ruethdu01_proj","ruethdu01_proj",1917,-5.24944815790095
"ruffibr01_proj","ruffibr01_proj",1986,7.66409301275734
"ruffire01_proj","ruffire01_proj",1924,10.7219783163711
"ruhleve01_proj","ruhleve01_proj",1974,12.511497054271
"ruschgl01_proj","ruschgl01_proj",1997,-0.0305873833736538
"rushbo01_proj","rushbo01_proj",1948,27.1166682382881
"rusieam01_proj","rusieam01_proj",1889,7.60799777057639
"russeal01_proj","russeal01_proj",1915,-34.92611173785
"russeja01_proj","russeja01_proj",1926,-18.69718279497
"russeje01_proj","russeje01_proj",1983,12.5803186571131
"russere01_proj","russere01_proj",1913,4.03109602116227
"ruthba01_proj","ruthba01_proj",1914,-22.6970250872852
"ruthvdi01_proj","ruthvdi01_proj",1973,16.4896958858111
"ryanno01_proj","ryanno01_proj",1966,64.6709603847866
"saberbr01_proj","saberbr01_proj",1984,57.3285280908853
"sadecra01_proj","sadecra01_proj",1960,14.9942608592297
"sainjo01_proj","sainjo01_proj",1942,-4.56436049297283
"salech01_proj","salech01_proj",2010,49.4110274213706
"sallesl01_proj","sallesl01_proj",1908,-14.0917335989503
"samarje01_proj","samarje01_proj",2008,15.6488660310644
"sanchan01_proj","sanchan01_proj",2006,30.6843195870846
"sandesc01_proj","sandesc01_proj",1978,26.8214380899815
"sanfoja02_proj","sanfoja02_proj",1956,14.121958805324
"santaer01_proj","santaer01_proj",2005,25.2421918408192
"santajo01_proj","santajo01_proj",2000,57.4825495430346
"saundjo01_proj","saundjo01_proj",2005,7.93778200161026
"scanldo01_proj","scanldo01_proj",1903,-24.3436029411395
"scarbra01_proj","scarbra01_proj",1942,-17.6717913673426
"schatda01_proj","schatda01_proj",1977,8.50248074605494
"scheica01_proj","scheica01_proj",1943,-25.3859342838173
"scherma01_proj","scherma01_proj",2008,62.449868815213
"schilcu01_proj","schilcu01_proj",1988,73.0997189699374
"schmija01_proj","schmija01_proj",1995,30.6325626938848
"schmijo01_proj","schmijo01_proj",1941,3.70068680048555
"schnepe01_proj","schnepe01_proj",1914,-12.9415580422751
"schoupe01_proj","schoupe01_proj",1991,3.17335101191003
"schumha02_proj","schumha02_proj",1931,-4.57678404509989
"schupfe01_proj","schupfe01_proj",1913,-31.0377614621128
"scottja01_proj","scottja01_proj",1916,-27.7990157044036
"scottji01_proj","scottji01_proj",1909,-3.82733369233374
"scottmi03_proj","scottmi03_proj",1979,23.0177350988034
"seaveto01_proj","seaveto01_proj",1967,92.066433704061
"seguidi01_proj","seguidi01_proj",1962,3.45561843173076
"seiboso01_proj","seiboso01_proj",1916,-25.8107551816652
"seleaa01_proj","seleaa01_proj",1993,20.0167435088744
"sewelri01_proj","sewelri01_proj",1932,-0.662084651439125
"seymocy01_proj","seymocy01_proj",1896,-11.3817870305899
"shantbo01_proj","shantbo01_proj",1949,14.8064764134423
"shautjo01_proj","shautjo01_proj",1922,-27.0333014739757
"shawbo01_proj","shawbo01_proj",1957,7.19825546519423
"shawdu01_proj","shawdu01_proj",1883,-4.65271399546369
"shawji01_proj","shawji01_proj",1913,-6.54354207684289
"shawkbo01_proj","shawkbo01_proj",1913,-2.06286348392022
"sheetbe01_proj","sheetbe01_proj",2001,26.0260602799264
"sherdbi01_proj","sherdbi01_proj",1918,-11.875912762591
"shielja02_proj","shielja02_proj",2006,31.3340571323858
"shirlbo01_proj","shirlbo01_proj",1977,9.16841205038953
"shockur01_proj","shockur01_proj",1916,20.0434379442938
"shortch02_proj","shortch02_proj",1959,27.1980596491256
"shouncl01_proj","shouncl01_proj",1935,-25.5318134158908
"shower01_proj","shower01_proj",1981,5.56128443902196
"siebeso01_proj","siebeso01_proj",1964,23.917396617983
"sieveed01_proj","sieveed01_proj",1901,-7.44222638675344
"silvaca01_proj","silvaca01_proj",2002,5.6485630077477
"simmocu01_proj","simmocu01_proj",1947,28.2030170323146
"singebi01_proj","singebi01_proj",1964,15.6680632258538
"slatoji01_proj","slatoji01_proj",1971,14.4602183686512
"smilejo01_proj","smilejo01_proj",1986,14.7570452752647
"smithal03_proj","smithal03_proj",1934,-24.5582656837436
"smithbo02_proj","smithbo02_proj",1925,-13.8425019690613
"smithbr01_proj","smithbr01_proj",1981,7.44766152146497
"smithch02_proj","smithch02_proj",1902,-38.2328976318122
"smithed04_proj","smithed04_proj",1936,-9.92844867120897
"smithfr03_proj","smithfr03_proj",1904,-18.7630513066271
"smithge02_proj","smithge02_proj",1916,-25.8260837976084
"smithle02_proj","smithle02_proj",1980,26.1418730362626
"smithmi03_proj","smithmi03_proj",1982,4.90529103482194
"smithpe02_proj","smithpe02_proj",1987,3.4530480258935
"smithsh01_proj","smithsh01_proj",1911,-13.1457908396764
"smithza01_proj","smithza01_proj",1984,19.1397129949382
"smoltjo01_proj","smoltjo01_proj",1988,63.1487753111926
"sorenla01_proj","sorenla01_proj",1977,13.9340810345004
"sorrevi01_proj","sorrevi01_proj",1928,-7.16326372411999
"sothoal01_proj","sothoal01_proj",1914,-22.3048125598807
"sotoma01_proj","sotoma01_proj",1977,28.2395002819593
"spahnwa01_proj","spahnwa01_proj",1942,71.7068524492866
"sparkst01_proj","sparkst01_proj",1995,10.5170708203355
"sparktu01_proj","sparktu01_proj",1897,-31.1388407546127
"spillda01_proj","spillda01_proj",1974,10.9023970942195
"splitpa01_proj","splitpa01_proj",1970,18.0030846366109
"stalege01_proj","stalege01_proj",1947,0.56656052986867
"staleha01_proj","staleha01_proj",1888,-9.5476543036534
"stangle01_proj","stangle01_proj",1961,-4.59746260107305
"stanlbo01_proj","stanlbo01_proj",1977,20.9886168236532
"stantmi02_proj","stantmi02_proj",1989,7.79801339017678
"steined01_proj","steined01_proj",1890,-14.6839459917625
"stewada01_proj","stewada01_proj",1978,21.8571196262657
"stewale01_proj","stewale01_proj",1921,-3.73503607013948
"stiebda01_proj","stiebda01_proj",1979,61.1525516551216
"stiveja01_proj","stiveja01_proj",1892,-14.2474961333812
"stobbch01_proj","stobbch01_proj",1947,-15.7486209459762
"stonebi01_proj","stonebi01_proj",1967,7.21207956532735
"stonege02_proj","stonege02_proj",1967,5.21844688392728
"stoneli01_proj","stoneli01_proj",1922,-29.5773114760336
"stonest01_proj","stonest01_proj",1971,16.3581890218852
"stottme01_proj","stottme01_proj",1964,29.6188699790751
"stottto01_proj","stottto01_proj",1988,19.8472439457343
"strasst01_proj","strasst01_proj",2010,36.5043509596382
"sturdto01_proj","sturdto01_proj",1955,-0.481263505081871
"sudhowi01_proj","sudhowi01_proj",1897,-31.8827969507689
"suggsge01_proj","suggsge01_proj",1908,-8.62269258107897
"sullifr01_proj","sullifr01_proj",1953,6.60107754017853
"sullimi02_proj","sullimi02_proj",1889,-49.5222987532066
"summeed01_proj","summeed01_proj",1908,-7.29218009324002
"suppaje01_proj","suppaje01_proj",1995,12.7081673577124
"surkoma01_proj","surkoma01_proj",1949,-0.0926066821066923
"sutclri01_proj","sutclri01_proj",1976,29.1830830311855
"suttebr01_proj","suttebr01_proj",1976,24.0861485841519
"suttodo01_proj","suttodo01_proj",1966,59.032148879023
"swancr01_proj","swancr01_proj",1973,13.5631536863045
"swiftbi01_proj","swiftbi01_proj",1932,-10.924804089289
"swiftbi02_proj","swiftbi02_proj",1985,18.4116022223406
"swindgr01_proj","swindgr01_proj",1986,26.8367669802821
"tanakma01_proj","tanakma01_proj",2014,19.8566960403608
"tananfr01_proj","tananfr01_proj",1973,46.6719470714649
"tanneje01_proj","tanneje01_proj",1894,-30.9892539639885
"tapanke01_proj","tapanke01_proj",1989,28.0113850808002
"tavarju01_proj","tavarju01_proj",1993,4.27301671292368
"taylodu01_proj","taylodu01_proj",1900,-29.5402126506191
"tayloja01_proj","tayloja01_proj",1891,-14.5075166651234
"tayloja02_proj","tayloja02_proj",1898,-15.3589944335071
"teherju01_proj","teherju01_proj",2011,21.4899551503462
"tekulke01_proj","tekulke01_proj",1974,23.2010583417484
"terrewa01_proj","terrewa01_proj",1982,6.07746774498948
"terryad01_proj","terryad01_proj",1890,-17.9125075295088
"terryra01_proj","terryra01_proj",1956,-0.808409962407667
"tesreje01_proj","tesreje01_proj",1912,-6.1326424967538
"tewksbo01_proj","tewksbo01_proj",1986,20.159191601747
"thomato02_proj","thomato02_proj",1926,-15.7510322719873
"thomsjo01_proj","thomsjo01_proj",1997,11.2139060612323
"thurssl01_proj","thurssl01_proj",1923,-9.91404064001365
"tiantlu01_proj","tiantlu01_proj",1964,50.3941787701225
"tidrodi01_proj","tidrodi01_proj",1972,12.1029791964901
"tillmch01_proj","tillmch01_proj",2009,2.92119519654083
"timlimi01_proj","timlimi01_proj",1991,18.0224601632576
"tobinji01_proj","tobinji01_proj",1937,4.0037860903063
"tomkobr01_proj","tomkobr01_proj",1997,10.4036467353633
"toneyfr01_proj","toneyfr01_proj",1911,-5.1654528323894
"torremi01_proj","torremi01_proj",1967,21.4005764948173
"townsha01_proj","townsha01_proj",1901,-24.1757579684125
"trachst01_proj","trachst01_proj",1993,20.9805069977919
"travebi01_proj","travebi01_proj",1974,6.88010564636571
"troutdi01_proj","troutdi01_proj",1939,16.3042853294675
"troutst01_proj","troutst01_proj",1978,12.1228267580101
"truckvi01_proj","truckvi01_proj",1941,13.1912815208383
"tudorjo01_proj","tudorjo01_proj",1979,30.3881331248328
"turlebo01_proj","turlebo01_proj",1951,-11.2500204398021
"turneji01_proj","turneji01_proj",1937,-16.350231764621
"twitcwa01_proj","twitcwa01_proj",1970,5.14489020231718
"tylerle01_proj","tylerle01_proj",1910,-11.0571061429827
"uhlege01_proj","uhlege01_proj",1919,0.890987818790766
"underto01_proj","underto01_proj",1974,10.2318990024715
"valdeis01_proj","valdeis01_proj",1994,23.1641482892037
"valenfe01_proj","valenfe01_proj",1980,38.9597434442943
"vanceda01_proj","vanceda01_proj",1915,25.127894515008
"vandejo01_proj","vandejo01_proj",1937,1.61051295005888
"vangiel01_proj","vangiel01_proj",1919,-23.4094412873927
"vargaja01_proj","vargaja01_proj",2005,18.0666849726369
"vaughhi01_proj","vaughhi01_proj",1908,3.41672817211067
"vazquja01_proj","vazquja01_proj",1998,44.2594363811889
"vealebo01_proj","vealebo01_proj",1962,21.1893925646551
"verlaju01_proj","verlaju01_proj",2005,75.5373561764456
"villoro01_proj","villoro01_proj",1995,4.07522171636936
"violafr01_proj","violafr01_proj",1982,45.2230875234819
"vogelry01_proj","vogelry01_proj",2000,0.994953549234971
"voisebi01_proj","voisebi01_proj",1942,-6.1528050106468
"volqued01_proj","volqued01_proj",2005,7.40787862441536
"vuckope01_proj","vuckope01_proj",1975,15.3869121483263
"wadderu01_proj","wadderu01_proj",1897,2.98648586952439
"wainwad01_proj","wainwad01_proj",2005,36.6920828836753
"waitsri01_proj","waitsri01_proj",1973,13.0831391905244
"wakefti01_proj","wakefti01_proj",1992,31.9742648722999
"walberu01_proj","walberu01_proj",1923,5.79820603437746
"walkbo01_proj","walkbo01_proj",1980,-0.973342650700705
"walkebi01_proj","walkebi01_proj",1927,-13.34719314766
"walshed01_proj","walshed01_proj",1904,5.44035005621258
"waltebu01_proj","waltebu01_proj",1934,10.0015728405695
"wardjo01_proj","wardjo01_proj",1880,3.16600798690354
"warhoja01_proj","warhoja01_proj",1908,-14.6690701167669
"warnelo01_proj","warnelo01_proj",1930,7.94903632104225
"washbja01_proj","washbja01_proj",1998,28.3179384067795
"washbra01_proj","washbra01_proj",1961,4.05421736020947
"weathda01_proj","weathda01_proj",1991,7.94749640975175
"weaveje01_proj","weaveje01_proj",1999,14.2416536601746
"weaveje02_proj","weaveje02_proj",2006,36.8362878291788
"weavemo01_proj","weavemo01_proj",1931,-19.6621939396787
"webbbr01_proj","webbbr01_proj",2003,36.1147997071589
"wegmabi01_proj","wegmabi01_proj",1985,14.5381527497599
"wehmehe01_proj","wehmehe01_proj",1945,-24.0312979208379
"weilabo01_proj","weilabo01_proj",1928,-20.1691197372323
"weilmca01_proj","weilmca01_proj",1912,0.14258400971994
"weimeja01_proj","weimeja01_proj",1903,-2.89099675757446
"welchbo01_proj","welchbo01_proj",1978,39.797252876177
"welchmi01_proj","welchmi01_proj",1880,4.60649059665791
"wellsda01_proj","wellsda01_proj",1987,51.4184561162005
"wellsed01_proj","wellsed01_proj",1923,-31.0045100103043
"wellski01_proj","wellski01_proj",1999,4.55999704171966
"westbja01_proj","westbja01_proj",2000,13.3045005191982
"weyhigu01_proj","weyhigu01_proj",1892,-17.2222886055143
"whitedo01_proj","whitedo01_proj",1901,-7.9011455187079
"whiteea01_proj","whiteea01_proj",1923,-9.39725627263762
"whitnji01_proj","whitnji01_proj",1881,7.42396196152562
"whitsed01_proj","whitsed01_proj",1977,19.3030075283728
"wickebo01_proj","wickebo01_proj",1901,-16.0962168856145
"wickeda01_proj","wickeda01_proj",1960,5.27433766966694
"wickmbo01_proj","wickmbo01_proj",1992,16.4653627728658
"wiedmst01_proj","wiedmst01_proj",1880,-3.60954263119128
"wightbi01_proj","wightbi01_proj",1946,-12.1919587542151
"wilcomi01_proj","wilcomi01_proj",1970,11.6862977629847
"wilheho01_proj","wilheho01_proj",1952,35.536034284676
"wilheka01_proj","wilheka01_proj",1903,-23.1770532341826
"willeed01_proj","willeed01_proj",1906,-16.2232631797965
"willido03_proj","willido03_proj",2003,16.5005840293423
"willile01_proj","willile01_proj",1913,-9.13685280281237
"willist02_proj","willist02_proj",1958,18.3733947756604
"willivi01_proj","willivi01_proj",1898,16.4373820254856
"williwo02_proj","williwo02_proj",1993,27.1646930904404
"wilsocj01_proj","wilsocj01_proj",2005,16.686715314435
"wilsodo01_proj","wilsodo01_proj",1966,22.1353822308953
"wilsoea01_proj","wilsoea01_proj",1959,12.9379344811242
"wilsoja01_proj","wilsoja01_proj",1934,-12.4918706058781
"wilsoji02_proj","wilsoji02_proj",1945,-10.7310240470023
"wiltsho01_proj","wiltsho01_proj",1904,-17.2039091430408
"wintege01_proj","wintege01_proj",1901,-24.4431444678944
"wiseri01_proj","wiseri01_proj",1964,26.5036444520386
"wittbo01_proj","wittbo01_proj",1986,11.423154361047
"wittmi01_proj","wittmi01_proj",1981,20.0236692469836
"wolffro01_proj","wolffro01_proj",1941,-1.94200853386856
"wolfra02_proj","wolfra02_proj",1999,19.3274334596062
"woodjo02_proj","woodjo02_proj",1908,-16.5621244882074
"woodke02_proj","woodke02_proj",1998,25.9839389201864
"woodwi01_proj","woodwi01_proj",1961,36.1368619713764
"worthal01_proj","worthal01_proj",1953,9.57279639683168
"wrighcl01_proj","wrighcl01_proj",1966,8.06569390829868
"wrighja01_proj","wrighja01_proj",1996,10.1325026568788
"wyattwh01_proj","wyattwh01_proj",1929,-14.7383846820628
"wynnea01_proj","wynnea01_proj",1939,17.5881921821461
"wyseha01_proj","wyseha01_proj",1942,-9.76829433909813
"youngch03_proj","youngch03_proj",2004,17.7105005932206
"youngcu01_proj","youngcu01_proj",1983,-2.40346158908277
"youngcy01_proj","youngcy01_proj",1890,51.8299202027214
"youngir01_proj","youngir01_proj",1905,-9.93678759874187
"youngma01_proj","youngma01_proj",1983,5.61145312127594
"zachato01_proj","zachato01_proj",1918,-12.1503342902177
"zachrpa01_proj","zachrpa01_proj",1976,11.2018002933927
"zahnge01_proj","zahnge01_proj",1973,19.0138827946253
"zambrca01_proj","zambrca01_proj",2001,37.1335735291694
"zimmejo02_proj","zimmejo02_proj",2009,22.7185876082352
"zitoba01_proj","zitoba01_proj",2000,35.2004751415356
